SessionID,EmpaticaID,fft_pLF,fft_pHF,fft_LFHFratio,fft_VLF,fft_LF,fft_HF,lomb_lf,RMSSD,PNN50,TRI,TINN,lomb_hf,meanV,stdV,sdsd,qr,SessionLabel,SessionLabel2
S10_11,A0133E,41.89772687706929,58.10227312293068,0.8809989124802164,0.3899548114629853,1.6645301930588938,2.444479849370635,0.635540679124385,0.06158373572278539,0.2878715085676073,4.96515933140933,0.024381510416666696,0.579761523860465,0.86399154263594,0.06215318001755157,0.06086683720828951,0.9938100055568998,1,2
S10_12,A0133E,41.36555678156995,58.634443218430036,0.8001882278515599,0.2755600844224945,1.5665023359912962,2.2527445780014173,2.1785979391091845,0.09986989493399605,0.43562174701344575,5.140253482345323,0.018415178571428572,2.244802968638065,0.9147714679089866,0.0937571376590637,0.09822835273011353,0.9768474922436506,1,2
S10_13,A0133E,38.15289008858192,61.84710991141803,0.6855246140277778,0.5263777992839471,1.6904567134963642,2.7833914511028923,1.792158334591726,0.08105287085243355,0.4078819527437253,5.4894421487603315,0.025094696969696958,1.4436395398261666,0.984466278377878,0.08004497311436681,0.08052448322701998,0.984157948293948,3,2
S10_14,A0133E,37.513883798317934,62.48611620168201,0.6548025935790902,0.26467104246287165,1.4941950145165668,2.5387492379929495,0.9383501466496811,0.09937306023965528,0.5057395890958641,5.953400931079507,0.03673735119047619,0.9174789942596582,0.8696250120367913,0.07822421754694411,0.09898537729064909,0.9741782342929748,1,2
S10_15,A0133E,32.216367632483646,67.78363236751635,0.48319538391763156,0.569772503079371,1.4710691358386752,3.222150145704115,0.8002513765213068,0.08127919589304,0.476842105263158,5.1000000000000005,0.015625,1.0387837988309347,1.01149450769231,0.07813718651846048,0.081228651503141,1.0,3,2
S10_16,A0133E,40.14566303235198,59.85433696764802,0.7768920748247174,0.30552638483621364,1.427303364489674,1.9674537398613035,0.39743089304338,0.06072693815659302,0.3326579785403685,4.3357093663911845,0.019176136363636364,0.2875558791366339,0.7453937315666517,0.05336800446215533,0.06061852901296944,1.0,1,2
S10_17,A0133E,40.32007758865207,59.679922411347974,0.7424139626062232,0.20633492334364645,1.384497297987088,2.027870540873537,10.874579941505838,0.15057337948804336,0.5930094576698347,5.4,0.0203125,9.10522174646693,0.9544840163559506,0.13704265642856597,0.14809562712890662,0.9527965821476049,1,2
S10_18,A0133E,41.99044701793927,58.00955298206075,0.7778975397015683,0.47423624186330493,1.691666981169074,2.381553152575759,0.6504235404857381,0.06712825738545308,0.3515720358402609,5.46704761944124,0.02059785017730496,0.5963055183500732,0.8085276642626346,0.06851902413722852,0.06674726144528578,0.9921359453167967,1,2
S10_19,A0133E,37.57659605254664,62.42340394745338,0.6723413402593639,0.24287130602094525,1.5258125691234075,2.603118447073824,9.716494861926028,0.09494318211338938,0.3839803322550413,5.028663701366688,0.02562989672364677,11.327763122092477,0.9504501238102329,0.08461233324538814,0.09390475517294698,0.9883008931249162,1,2
S10_5,A0133E,39.527763615369395,60.472236384630556,0.7001078565970316,0.669642079370592,1.8503600760575891,2.860372060747329,0.5945859951740817,0.0688911510140524,0.395354213312215,5.905449177663032,0.024849397590361446,0.7469221275673323,0.9839335117409003,0.0700706976014273,0.06860991217320064,0.9931559941229091,1,2
S10_6,A0133E,39.82196724533868,60.17803275466133,0.7516532373686398,0.43501253204212825,1.6645067353091585,2.5709230108127548,1.0740357742479056,0.0803570837831016,0.37352162195004146,5.74423923366938,0.024844898897058824,1.0961908136547076,0.835919090168639,0.08196217657309333,0.07988556805729706,0.9841603217923607,1,2
S10_7,A0133E,41.65948863121127,58.34051136878877,0.8344212738561156,0.343391478393598,1.5662784408954455,2.2940163929094894,0.9267139803444411,0.07678908212379405,0.3555135399540574,5.331668779938012,0.02282652243589743,0.7204527471778027,0.8614703362608009,0.07142466295740381,0.0763778716705496,0.9846407900946275,1,1
S11_12,A021AD,34.21374570808436,65.7862542919156,0.5586121668155433,0.4170820180128817,1.4173293340613002,2.758695592520084,56.815049917185114,0.1201416075552403,0.26863442530070936,4.682020849040101,0.03314821787148599,155.12512668826668,0.6571256579636985,0.10955503830607784,0.11945820621255936,0.9923261780426517,1,2
S11_13,A021AD,34.043187543971044,65.95681245602897,0.5638760034757063,0.3321073212975535,1.3744264350128543,2.7687415598893206,0.535693169750046,0.07068108407216389,0.40213022883412025,5.790776381966226,0.03128551136363639,0.6551085161459766,0.7199759938439273,0.06318089656473785,0.07037622657068664,0.9927887582417143,3,2
S11_14,A021AD,35.409796985507114,64.59020301449287,0.6076427955095277,0.2748609623484579,1.2998004761700903,2.445739770937976,2.3645790173303722,0.07039694322646438,0.29488118336226987,4.772803090781565,0.03052497632575761,3.38481460774457,0.6500994558955956,0.05850355602143712,0.06997232211789375,0.9959448189277957,3,2
S11_15,A021AD,34.63068884157008,65.36931115842995,0.5802214967356844,0.3429833092943026,1.3178270755012695,2.491173690005698,0.2845861099135702,0.06401656496595574,0.3000937253334562,4.823917646930881,0.031213321596244178,0.32942080648458616,0.61301241397137,0.051019702645133086,0.06383182562921244,0.9912628667359416,3,3
S11_16,A021AD,36.46908014506598,63.530919854934005,0.6062440373523826,0.3797377615508682,1.5312558824030538,2.8165686305294417,0.7659903257954801,0.0758615362961758,0.5151072261072259,5.182648740148739,0.029166666666666605,0.854499250046967,0.7101160292220172,0.0710195065526,0.07559763266633279,0.9947692307692307,3,2
S11_17,A021AD,30.340909396441003,69.65909060355902,0.46323937737119125,0.29774160488892704,1.1860563096730552,2.7015237378555077,0.4651438637912755,0.07598819628511742,0.3098739765849879,4.606042813100857,0.030717329545454565,0.8730015887662012,0.676694412463994,0.05449396648067988,0.0758613058151604,0.9899614967310904,1,2
S11_18,A021AD,28.77148220074778,71.22851779925236,0.4257991788493043,0.4454581135631307,1.4365214201929117,3.519614574097845,0.38362525836444855,0.08280577780378,0.4272430249045043,5.70661151659074,0.030162883254716936,0.784923743565535,0.7498231421985742,0.0673997291445131,0.08265832231358997,0.9910854959652062,1,1
S11_19,A021AD,35.96446092013546,64.03553907986452,0.5927596502297224,0.16044863587869065,1.2218156938361477,2.2100815245070553,0.6633834259002491,0.08806151614115681,0.43717903305151434,5.6504949494949495,0.0271875,0.6328657680808601,0.6976583437629539,0.07403323781094182,0.08773767177977267,0.9688570834200125,1,1
S11_20,A021AD,31.5160978177748,68.48390218222517,0.4918039349376668,0.32861531535665073,1.4229589506445912,3.1785989402481563,0.3926223777955821,0.08287068684102668,0.4804510535869547,5.925975421536427,0.028977382330246902,0.5228905257901194,0.7562647148635601,0.06673681904086558,0.08268551124959923,0.9857446922210292,1,2
S11_21,A021AD,33.721615302092324,66.27838469790771,0.5469439555014659,0.46553299097070916,1.4911674455116055,2.9718292128626334,2470.000082604114,0.28017428110065595,0.36035467629225043,5.793699797993043,0.03264904698581564,2283.1524211632795,0.7383929715281154,0.26681589927727783,0.2747043011207183,0.9894996732451093,3,2
S11_22,A021AD,33.66669883342865,66.33330116657135,0.5526997658978097,0.30021103042260566,1.2718837647498824,2.485156852545387,0.15725252196217515,0.04990269043991562,0.23592600683003076,4.399659484809561,0.028368340163934427,0.1715226825251377,0.6300005227428594,0.040047010918211806,0.049794579578584575,0.9943130529976774,3,2
S11_23,A021AD,40.16206048830173,59.83793951169827,0.801541649016595,0.14690365096287247,1.3787775218317315,2.1361011443406968,13.303228963613211,0.12782005997000198,0.37357497529494627,4.990713870748594,0.022726176697530853,13.830773844919285,0.6645723924270983,0.10247177922001423,0.12753466552109363,0.9862682243637693,3,2
S11_24,A021AD,33.72615026646934,66.27384973353071,0.5497039430612863,0.43749257001683,1.5317690804049944,3.0890617363894255,0.21637390566067755,0.057414772376314385,0.2963391013256141,4.951827921486075,0.03249007936507931,0.32924172125172574,0.7205491580627258,0.0493488584327434,0.05732977073646661,0.995828950141314,1,1
S11_25,A021AD,33.03166049279691,66.9683395072031,0.5138307478095546,0.483128292103391,1.8340558875105666,3.7327195270514317,0.7503982849148795,0.11108139316949893,0.6253686852881221,8.040771164021168,0.023489583333333362,1.3446184605857086,0.9452641086617931,0.09658933619469096,0.11084908117934428,0.9743306157467012,1,2
S11_26,A021AD,34.514922232097796,65.48507776790217,0.5661598182843908,0.3491460722743096,1.3890256766764233,2.6163632124369633,0.9576809217360158,0.09617155654649129,0.43013869392384235,5.349733797082599,0.02383814102564105,0.9131296115967883,0.7331459138509203,0.07586744851398174,0.09568212694482586,0.9840426160546673,1,1
S11_27,A021AD,38.047525389491376,61.95247461050867,0.7486460758950954,0.22477815649186603,1.2592794180951021,2.186713904143872,0.2892884058436599,0.0677219776971296,0.3667771516716771,4.719586783123878,0.025555814676616908,0.3102105291193609,0.6248998613264299,0.0547910740166233,0.06754758138340802,0.9803947756382494,1,1
S11_28,A021AD,34.26762963969969,65.73237036030031,0.5579971616153601,0.2807999100390204,1.269119593365638,2.3647571762113504,0.292908814750111,0.06960428705040397,0.3811464144231548,6.666666666666666,0.033854166666666664,0.47044582319717354,0.7315332691908312,0.06506838870833564,0.06950948183485817,1.0,1,1
S11_29,A021AD,35.43773815422298,64.56226184577702,0.5938860925052953,0.6429947237010357,1.7201717164066623,3.2035100084881605,0.22310621442186707,0.055112492252225254,0.26442887272860743,5.136129495504495,0.02001953125,0.4750614110797711,0.6653688790388116,0.05592551384074499,0.054939463937526245,0.9933037460876369,1,2
S11_30,A021AD,35.20411024148426,64.79588975851576,0.6032762833932837,0.4767067492692194,1.4673659021458405,2.755546424652531,648.0820135861002,0.22501066127902933,0.25249640300247433,4.615888077825625,0.028286302860696513,882.4042353167087,0.683208573856041,0.21192386057532314,0.21937859071942914,0.9957327214104258,1,2
S11_5,A021AD,38.68441076464178,61.31558923535822,0.6934440128896335,0.2887383543498438,1.3975191340700002,2.2112093566099436,0.23419302133330094,0.06259513812997371,0.33069726759846274,4.956355403855398,0.029836309523809515,0.21938194836380007,0.6112516729461763,0.05048723450740191,0.06249233091603174,0.990156851801157,1,2
S11_6,A021AD,31.73144803660793,68.26855196339207,0.5030576234134521,0.19220586883999408,1.0695178252658184,2.276697175686262,0.5271053295804312,0.0741103605068598,0.37734504782482187,4.745267718445748,0.030686936936936964,0.47394753520868615,0.6599309445269835,0.05516318495884781,0.07380645658494925,0.9876599636406648,3,2
S11_7,A021AD,34.95040515556809,65.04959484443191,0.5923884279652253,0.1301553178414591,1.0494275490587315,1.9207568004904279,0.5024821515564476,0.07943037859577823,0.44942696682563255,5.197655008035443,0.034321581196581206,0.47082786811627975,0.6305120082449855,0.060804620326091526,0.07894178930536638,0.9733314036353795,1,2
S12_15,A01B22,40.923287573238596,59.07671242676141,0.8063745739893519,0.23363705153343342,1.4085739648240694,2.1167762415963263,0.5960681407858862,0.0689470973308328,0.32618521788732824,4.937594863983752,0.03009259259259256,0.7909537756010094,0.7032779309482508,0.06032993500776859,0.06845159611951246,0.9805687082681673,3,2
S12_16,A01B22,43.58455726003431,56.41544273996573,0.8936676606458295,0.24012005123000807,1.4601097649351389,1.9813776616129912,0.9255215345248353,0.06579802507686579,0.29098744368263213,4.754882046714081,0.029155685240963826,0.7981805220674812,0.7252894543810823,0.0578826632526719,0.06538296585924538,0.9931778629776806,3,2
S12_17,A01B22,40.94019309178769,59.05980690821234,0.8237163987654662,0.3066781131554577,1.5011821809355692,2.236711859521523,0.5610963829451686,0.0766282505115708,0.4321119316611672,5.469433602220492,0.028795252732240446,0.5029696652018797,0.7947140209592936,0.06872527769033784,0.07627788832721796,0.9848810219476601,1,2
S12_18,A01B22,38.50008610335505,61.49991389664498,0.6992024636763919,0.3696820664149487,1.5044467687894907,2.5002317452636977,0.8273909011809658,0.09347923315392533,0.43217241877311835,5.685683435488123,0.031606038411458266,0.9331458450297906,0.7820406905992369,0.07425236976651325,0.09324686807642059,0.9872630111041412,1,2
S12_19,A01B22,43.435692558241975,56.564307441758025,0.8846066047220205,0.3978666293664355,1.5512455459958638,2.016649405643122,0.21503967588140319,0.0479480233508307,0.19105700404786305,4.21686186595506,0.026471354166666673,0.1939394803808936,0.6882029642426253,0.043121000901515556,0.047682441902518954,0.992640713429005,1,2
S12_21,A01B22,40.51947102483787,59.48052897516208,0.7504920992777532,0.4153248306076042,1.6485226038468808,2.3946081800749623,31266.56700326947,1.9388402318264173,0.43561919959298046,5.714349099648393,0.026802743544600948,36530.78932588397,1.311547360632966,1.855156101407997,1.859246180535041,0.9908464606218265,3,2
S12_22,A01B22,38.470495513031565,61.52950448696842,0.7334004754212636,0.28189180750373477,1.3426773716411884,2.165189170730689,61.552672029794216,0.2006330518166338,0.38262761848526866,4.905975935941778,0.025741185897435903,94.9110616514057,0.7885460565352878,0.1844521442727375,0.1966635253324121,0.9932389322989786,1,2
S12_23,A01B22,45.45607432019485,54.543925679805135,0.92897901652996,0.2387367924684393,1.5120301268185454,1.7964311104449326,0.22215887429044684,0.044687199312888885,0.1739384609807562,4.004378491618617,0.02586410984848482,0.15681412163272093,0.6585860271882765,0.04055949557892094,0.044515625621730365,0.995555168562012,1,2
S12_27,A01B22,45.34638686234565,54.653613137654304,0.9158802289576997,0.29731352094816943,1.5735451785367094,1.9102920334932447,35.10572869504064,0.09345237934723663,0.2981019779159652,5.254052078264956,0.028785342261904774,24.229242687911118,0.7585075219639896,0.09096845938076059,0.0923803628396801,0.9876408619973626,1,2
S12_5,A01B22,37.94361078588849,62.05638921411144,0.7013772858232604,0.18016169565787746,1.1825486439724113,2.0008117996102066,0.15626515569891603,0.05270467386831489,0.23093804726714462,3.843643338143339,0.019609375,0.15815241093966917,0.6787053744341286,0.0420283880966469,0.05257300230263458,0.9925573811802405,3,3
S12_6,A01B22,41.6749965061655,58.32500349383454,0.838956850654125,0.2923880938954238,1.5388872350297604,2.1683113997272088,0.3593303104284787,0.06007401491086443,0.30255122815313495,4.949159568644858,0.02527573529411767,0.27208176415241414,0.7787432148135338,0.05380304852650309,0.059864981822260785,0.9922306394716742,3,2
S13_10,A0120B,31.208515827843446,68.79148417215656,0.4926706982569728,0.401837994400994,1.2836674620181212,2.6536934918183976,0.882734354227558,0.07003883689743712,0.41764210439689947,5.3875,0.03466796875,0.5511187929981485,0.8894733527445763,0.06302881474145412,0.06979417319142774,1.0,1,1
S13_14,A0120B,40.25733266907476,59.74266733092522,0.77696072220462,0.17432661023497367,1.3454068834816695,1.9672000354521546,6.032782363808108,0.1281484973269128,0.46753521118271,5.832523148148148,0.018373842592592584,4.415206752390318,0.6818314526698828,0.10788880124545658,0.12783565488852303,0.9616252321784058,3,2
S13_15,A0120B,39.12531255993161,60.8746874400684,0.7456232875104261,0.25020383723079453,1.5162847080597197,2.4213187636267848,0.7804911737758093,0.08123421806151397,0.48271928544038806,6.2822694027105745,0.02297794117647059,0.703027076091805,0.7334653496825904,0.08140375718577554,0.08063606473705914,0.9800466252728707,1,1
S13_16,A0120B,37.817665490605734,62.182334509394224,0.6792817547558465,0.23626261567968734,1.5324787057634695,2.5298506804373835,3.6319915556411964,0.11357288423588793,0.4851108867692066,6.493678886566817,0.025749820402298867,3.467340490986713,0.7937596942106095,0.10712721509060712,0.11227393074907206,0.9684865919551662,1,2
S13_17,A0120B,39.848496108347305,60.15150389165265,0.7448322975739883,0.19705534977297295,1.26384206102997,1.952120207674643,0.581308300822662,0.0748902349768495,0.41670609076466797,5.71983559206511,0.026483444940476192,0.49449907764928874,0.6299369849021333,0.06872758787715857,0.07445373949149817,0.9770023067588094,3,2
S13_18,A0120B,38.15480295855603,61.84519704144398,0.7004298768041711,0.3120670776049449,1.523986761158291,2.551228679910653,1.1680669642208368,0.08833085673808816,0.492529789872101,6.703838813303097,0.023846726190476203,1.0830089314346554,0.7640871990806549,0.08759989311758924,0.08786410385995237,0.9772657495879764,1,2
S13_19,A0120B,36.7818791602159,63.21812083978413,0.651243419691292,0.27061154818398153,1.3981657097095281,2.4926961387257873,0.8419202012124487,0.08632717373170715,0.4648241249601022,6.486349554441656,0.02455112390350878,0.736785524031901,0.7754299369702364,0.08028238894108561,0.08601471360361175,0.9752387008961085,1,2
S13_20,A0120B,37.61021523558703,62.38978476441295,0.6689046655690906,0.19758602974503903,1.3837489682702022,2.4311400736747832,1.1520228486006108,0.08148123818714129,0.4455967563203537,6.30407779431217,0.023986816406250038,0.9897664949839021,0.7204473517603073,0.08094083654175487,0.08111619845949482,0.9666705855448083,3,2
S13_21,A0120B,39.379950445035725,60.62004955496422,0.7648517392915378,0.2751136077332728,1.4460528851987577,2.268007308460715,8.071121736537012,0.09098819739795218,0.4134748346862405,6.004401250469037,0.029369212962963014,4.610489606382946,0.6729613352158066,0.08947955392313828,0.09022301836343713,0.98391030656717,1,2
S13_22,A0120B,35.40345679581564,64.59654320418429,0.6143612021754048,0.3961777634443306,1.4931017077750937,2.7552659748887836,0.7228167703426192,0.07944515579465929,0.44692942674265707,6.280442887324907,0.022003745318352093,0.6804736714955953,0.8118637172982235,0.07544256337431254,0.07919277737256467,0.9877386029153066,1,2
S13_25,A0120B,41.08958665708065,58.91041334291935,0.798506026634904,0.23120265620600192,1.4954158819941585,2.21234211629457,0.5503415413246256,0.0637736953893873,0.35410477225491266,5.574535927586522,0.026359437003968245,0.47671992921811707,0.6440825309950459,0.06349628978912193,0.06348299787422036,0.9852078236661581,1,2
S13_26,A0120B,36.0728725559892,63.92712744401082,0.616140609864748,0.21168711225836215,1.1970283080731183,2.288693962341203,0.8540225991471027,0.10225959644986668,0.47834828713884125,5.5838561560988005,0.022537530637254912,0.9659677228417652,0.719385693347578,0.0889135733247379,0.10152912236586605,0.9763559168526678,1,1
S13_5,A0120B,35.80133449862511,64.19866550137489,0.6152091838538638,0.2625687303952611,1.3766809358691456,2.5187675268778027,0.7800140909483237,0.08430649998537704,0.49666339071199517,5.998407974300833,0.02235863095238096,0.6303596221032953,0.770544773156368,0.07696299733206444,0.08390686678446767,0.9809527495140984,1,2
S13_6,A0120B,25.76675159624718,74.23324840375284,0.3554285672426553,0.0848585422625495,0.8911290531233786,2.7340435527884583,0.7218348933345577,0.11701952346199698,0.6345909650205315,6.091666666666667,0.025,0.8124401949026183,0.9141516833847576,0.0941143378998978,0.11613494228089097,0.9661017740429503,1,1
S13_7,A0120B,39.97432130056952,60.025678699430514,0.758781369754917,0.34056228358858104,1.5724719584288525,2.4041634612503042,1.9084048675287841,0.09742659283744905,0.5105465783643564,6.492447732905326,0.024617513020833343,1.5065225157464215,0.808126118400371,0.09187179773242464,0.09689771536555737,0.9789810191633173,1,1
S13_8,A0120B,35.72141917120494,64.27858082879503,0.6354015185936395,0.19093488558502003,1.3623322853494817,2.5550162080013155,0.5027184860393304,0.08152138237349107,0.4416322643375878,5.844285714285716,0.0271484375,0.644582596245288,0.7582102998972697,0.08116601787532733,0.08086672393189548,0.9772990818832069,3,2
S13_9,A0120B,33.90635343533808,66.09364656466188,0.5576625574421782,0.3797547795209567,1.516206919025798,3.0884158926882543,1.1374067715557847,0.10635216883763031,0.5910593136721812,6.866325914423733,0.023005831068840573,1.449242332055523,0.9063808490939946,0.09601086993565365,0.10595772472880921,0.9785357033171582,1,2
S14_10,A01B23,35.0126282974463,64.9873717025537,0.6023450904689488,0.34189668813710405,1.3191849440180188,2.5095352738790915,0.16845759607280597,0.05528490037748148,0.28499358717464296,4.753545034090952,0.03140968946540877,0.22691367050815475,0.6677165053818161,0.04574053394242251,0.05517121924179406,0.9926012460265948,3,2
S14_11,A01B23,37.35328403306221,62.64671596693786,0.6606286443457171,0.2694926414972872,1.3961240430354553,2.3902500644632854,3.4607971142898197,0.09897826918917264,0.32941075957281823,5.17258272493466,0.027513199200913226,5.715649098194889,0.7281645158782802,0.09368524101197653,0.09786915252160393,0.9711891452364386,1,2
S14_12,A01B23,36.669157415750355,63.33084258424975,0.6389497121603079,0.47307663406417183,1.5220618093338814,2.732439291369927,0.6083369520342039,0.06871271002162076,0.34559717893760256,5.760611536207576,0.033765388257575815,0.649133205603767,0.7154683737790313,0.06451204722061121,0.06848880378281812,0.9782737610249349,1,2
S14_13,A01B23,34.931490020509116,65.06850997949086,0.6043665620886491,0.1830383143017561,1.1643011563933043,2.156125838246306,0.3814381952039833,0.07402821200430396,0.3905103982899774,4.941129033475979,0.025364051870748305,0.3736050167799085,0.6336761637471989,0.06072363631748531,0.07356814579590422,0.9793782542782383,1,1
S14_14,A01B23,37.830998156483744,62.16900184351623,0.6617989523518367,0.3118200705317993,1.340181962306342,2.1123464785069976,0.35782719588652506,0.062223138367800704,0.26821555636166766,4.609601563361025,0.0297019675925926,0.26775946743834417,0.6289135916422187,0.04901143479508246,0.06201785563866364,0.9866023758763651,3,3
S14_15,A01B23,35.16114166173895,64.83885833826095,0.6166035876770491,0.32588310806082094,1.288893825594528,2.4550420063439446,2.030274585698802,0.08059631620543715,0.3862534034741543,5.292074741060751,0.029025607638888964,7.0766068666277855,0.6774663580319931,0.07122625105008602,0.08033717598851249,0.9840756616423231,1,2
S14_16,A01B23,36.19442895863878,63.80557104136122,0.607180900115896,0.35868818917107004,1.4606182546230282,2.6080662023665075,0.6470967366409944,0.07331319507595592,0.34324368533867305,4.891581100624621,0.028976690573770492,0.6091798357137675,0.7059804879371872,0.062425307794696516,0.07290247147822074,0.9816229293007954,1,1
S14_17,A01B23,38.686666627376624,61.31333337262345,0.6810135646079677,0.2905201766135886,1.3275920626732935,2.153153851390852,0.8263070429861541,0.08522659047262772,0.4130267339565107,5.339875896125898,0.02842588682432435,0.7579351302846064,0.7135251947248927,0.07447816130411848,0.08458898074114356,0.96960421883243,1,2
S14_18,A01B23,34.26291941033346,65.73708058966665,0.5562126655014693,0.5386084602260388,1.5714272719216862,2.9571478956919304,0.3328361187717652,0.0524156795617724,0.21585311635940793,4.658070961535849,0.031329180743243264,0.45606667016517993,0.6857623674668454,0.044076532675550485,0.05233369226379915,0.9944374035329893,1,1
S14_19,A01B23,35.82678977019139,64.1732102298086,0.640475834239979,0.1832557950380541,1.1417403513738442,2.130070622335228,0.4713246250793341,0.06643488705334694,0.32917501033242363,4.889015139656164,0.026331018518518524,0.5502072238356926,0.6524549759087755,0.05624581296015052,0.06616797290696821,0.9881156092371461,1,1
S14_20,A01B23,35.62551992403102,64.37448007596903,0.5993216287558943,0.19631286575964849,1.1998169583015637,2.1779317844151134,0.4339768573838639,0.07739868642912974,0.4333131943094554,5.196070497868442,0.026211115867579925,0.4123810149672659,0.6986015444039541,0.06427884851505336,0.07703472690705387,0.9725527087533479,1,1
S14_21,A01B23,39.27517250039426,60.72482749960565,0.7275586076929579,0.2514031484689647,1.368392405861989,2.2089926599420986,1.338765602155876,0.07712370992367988,0.3453581002484059,5.264452406176045,0.026381340579710123,1.1559482290837575,0.700679100517791,0.06902447272131268,0.07676554959640208,0.9774766642854319,1,2
S14_22,A01B23,39.17376338858342,60.82623661141656,0.7817207938412117,0.2625971468669299,1.2957223143278864,2.164193070592582,1.1139154856200404,0.07172315863220466,0.2733837445371229,4.8393989206846095,0.028766396604938283,0.8259433968159212,0.6356327408646609,0.06297767293425749,0.07122396793898018,0.9769726941369761,3,2
S14_23,A01B23,36.910114831280055,63.08988516871988,0.6579610129328695,0.1565454068985749,1.2049596238011664,2.1503893158053047,7.898024533868529,0.15958258102295372,0.3568534185458374,4.991695011337869,0.026088169642857158,12.071655233807784,0.7129079253145649,0.1326920338558056,0.1581018222631047,0.9781942186604171,3,2
S14_24,A01B23,41.32683112694792,58.67316887305208,0.8156902531792302,0.2492715983224036,1.4624360516382806,2.1159114740288567,2.9245920814073716,0.07695882849800728,0.30266963613820386,4.951623776996913,0.025944496268656744,2.528970218286808,0.6541744657802906,0.07085723793522015,0.07589303643393783,0.9803504919703964,1,2
S14_25,A01B23,42.275324866862775,57.72467513313723,0.8514801327924769,0.3482037984773052,1.4163338704837356,2.0355769235717234,92.84369665777929,0.30896403846453213,0.3260752316222511,5.649532656129878,0.027416087962962972,180.24654642288127,0.7075897123416164,0.2900246816803603,0.308794765635453,0.9816314864357862,1,2
S14_26,A01B23,36.00867896425134,63.991321035748655,0.6204252277311972,0.2513369132467473,1.191210092131354,2.1405784229929665,0.2948633009032056,0.05909665439253096,0.28705273138210335,4.407057147866393,0.026437952898550755,0.3115391900409734,0.5903907004184061,0.04950650136925609,0.058642449205370824,0.9829039931016785,1,2
S14_27,A01B23,37.32768458741764,62.672315412582385,0.631963485210487,0.3122419338806006,1.4370733650714456,2.451086518073662,0.6488031260164022,0.07937952855921225,0.4108233897121906,5.64899270811156,0.024440744535519116,0.636047324116133,0.7591339325480994,0.07256160777358527,0.07906582767492595,0.9839229047640767,1,1
S14_28,A01B23,37.98164538530503,62.01835461469504,0.6642486747419207,0.5525740875580768,1.8770158752350223,3.038039134509115,0.27099919262349176,0.057244400941237165,0.26586323889620705,5.216092320402169,0.032384801793981476,0.3334927218910366,0.719518384961207,0.0532152937051702,0.05711740305874372,0.9951355022941664,1,1
S14_29,A01B23,37.67943424579849,62.320565754201475,0.6666821089060609,0.21886564919084775,1.2665060582443033,2.1334736245015224,0.7336805868264633,0.07660560788859469,0.3551148921164377,4.947246172111254,0.02988422780797106,0.6509221615592247,0.6630678711953235,0.06443591718966726,0.07619748455781061,0.9781033355881557,1,1
S14_5,A01B23,37.925408470956185,62.074591529043786,0.6730046159855765,0.3039119413569299,1.3768587887105639,2.2986320909175926,0.5493427968237463,0.07724187620349512,0.3826599474012189,4.905068241622012,0.028011924342105258,0.5347156621634663,0.6926363690976495,0.06473818799056102,0.07690149537286486,0.9779064940221174,1,2
S14_6,A01B23,34.65040004271535,65.3495999572846,0.5947310885002506,0.1923771354470844,1.1172950561843333,2.1538935287928886,1.0625055634106606,0.0865579557144858,0.42878859589429924,5.083884197964655,0.02395384339080466,0.7594601206479014,0.6965328264375269,0.07087605336354694,0.08599092821918274,0.9666859392420575,1,1
S14_7,A01B23,35.499076098626034,64.50092390137392,0.6067582917819044,0.4903331835809075,1.4070874201863144,2.5537490045276616,0.41089028462904376,0.060942185019659936,0.27535366892815677,4.825458775909174,0.0342105763381995,0.451944541662884,0.6972815795114037,0.05072935970791878,0.06070994787853794,0.9846962618744001,1,1
S14_8,A01B23,37.46508456113876,62.53491543886122,0.6630228888562877,0.32374837469513046,1.2553723068029543,2.049763912831804,3.481590770338126,0.10109258265397138,0.32869742361224313,4.934608538342055,0.02889278017241379,3.3507491081595897,0.6200400776136119,0.07936078471161863,0.10087430673609032,0.9775699896159078,1,1
S14_9,A01B23,37.941725062862446,62.05827493713754,0.6759943821861412,0.2918859872209807,1.3218093060146707,2.2035336726325765,0.4291224997714343,0.05933579498597928,0.29237155403465126,5.035149269332198,0.02829427083333328,0.5349469526177689,0.6180029122333641,0.05431249079455494,0.05907065831978684,0.984802982118656,3,3
S15_20,A02214,38.76870556059224,61.23129443940769,0.7054305994194857,0.3834024338051863,1.4602375002112782,2.323945691876892,0.7180303086146974,0.07993698274554695,0.39192148923798925,5.638424873709225,0.025624494336569565,0.7062314406637838,0.7411308981834482,0.06753261250021539,0.07970105228876256,0.9857188760003666,3,3
S15_5,A02214,46.15710445873418,53.84289554126582,1.0025518229238237,0.1722428297865659,1.4533355933836045,1.7526854103987386,24.601935174501424,0.15679081630851913,0.3526795347576598,4.843233353947642,0.024367559523809503,15.35521014684226,0.7022764813280782,0.14643481421059995,0.15166937445930984,0.971655467287115,1,2
S1_10,A012B4,37.34163624377557,62.658363756224496,0.6545795945607463,0.3777776696536276,1.3608723527952862,2.335964017149628,0.37326197320981147,0.0640912241356698,0.32835137899167777,4.796363755240433,0.02885960820895524,0.34600903053427734,0.7819310711980437,0.05222529387819734,0.06388861863659516,0.9932947109434509,1,1
S1_11,A012B4,40.40349555722294,59.596504442777054,0.7570882433551274,0.4054505784557232,1.4728071460666914,2.2276190831142704,129518.37196598294,1.6491913710280592,0.2813078385961492,4.826744376849418,0.02977284663865546,79409.36431425784,1.190296195508488,1.5829157150698698,1.5864747003014847,0.9946424523893543,1,2
S1_12,A012B4,42.02300012914564,57.97699987085436,0.8415781931868802,0.28183338521598994,1.430874272226009,2.0105334293636457,1.5065190202500942,0.09497242493101392,0.3785148640535737,4.99900396825397,0.025651041666666662,1.5066792577288022,0.8146494232520703,0.07618726536923971,0.09461413718264497,0.9928605222306136,3,3
S1_13,A012B4,40.23502580554719,59.764974194452805,0.7679353623506221,0.37717974835660806,1.442350686025712,2.17501031349375,56.626893270608626,0.19438941257390185,0.32969466670356595,5.010313995030068,0.03112599206349209,110.75387169652937,0.7257731531904905,0.18193858451646486,0.19040107335894005,0.991660803160278,3,3
S1_14,A012B4,40.7555798729205,59.244420127079515,0.8372430881424652,0.06743903069451863,1.1481371403122889,1.7657727210057692,2.3686514875607347,0.11162752870509567,0.31065592605132863,4.152828884078884,0.024348958333333347,2.973654497743944,0.7178204400441454,0.08619631798068644,0.11136169572984654,0.97989536199095,3,3
S1_15,A012B4,36.352041330452494,63.647958669547485,0.6508723666068786,0.28221559533354534,1.32694899910329,2.300881439996094,0.1449839855090458,0.05966209278651741,0.3290676099046588,4.798831179884384,0.03293678977272727,0.17104702226065285,0.7784759585562618,0.04614346509840611,0.05943625808811489,0.9882700721368867,1,2
S1_16,A012B4,31.354100554774085,68.64589944522591,0.47762253663334253,0.2696970157746103,1.2824727864973238,2.725685791491779,0.19018217786892902,0.06889006873020848,0.36126354839384606,4.532183742183743,0.021302083333333322,0.22889947021231255,0.8278666048428929,0.0520433080263963,0.06862037110605627,0.9951752020075224,1,1
S1_17,A012B4,41.509350014307735,58.49064998569227,0.819320847683964,0.2916212283618569,1.4468606542629936,2.062514882463611,0.27697384177945594,0.05771305853814852,0.27088001181737487,4.747016316496202,0.02661611519607841,0.2692037138778992,0.7582597216787522,0.05087142597102016,0.057410158313669385,0.9945588476034128,1,2
S1_18,A012B4,42.377220741126806,57.622779258873194,0.8453395870277096,0.11563753931609211,1.302040090265901,1.8279522667662957,0.25127948640385267,0.06467628432558516,0.38504508700905365,5.110400776472201,0.022135416666666668,0.18520698350434572,0.7154782964537829,0.05154152463439793,0.06456223989033277,1.0,1,1
S1_19,A012B4,44.18237218622049,55.81762781377955,0.9608729630545879,0.18225996548238926,1.4231754839472672,1.8933429158584718,0.7816695622461755,0.07414289981516423,0.33067703502575535,4.566943760262725,0.022651760057471274,1.336906333151946,0.7914888895093017,0.0626512543336213,0.07324563790463745,0.9971123506874014,1,1
S1_24,A012B4,33.9930382847063,66.00696171529374,0.5704575513391789,0.28440118391411906,1.3738633489509033,2.7374047632514174,1.2627084979073446,0.09194963726756698,0.45601981044196505,5.159582510569349,0.02443119517543861,1.0254431149330485,0.9534338890259658,0.07132762312916799,0.09137363471103785,0.9914707805575381,1,2
S1_6,A012B4,40.49382918558746,59.506170814412485,0.7633183556597054,0.3220439760958949,1.4562415101561728,2.1998438304122487,0.31459549071441356,0.055538885863817056,0.26280818025098396,4.725415642169849,0.028010292658730177,0.35310630764195855,0.7674474454940622,0.049042029752485033,0.05520413123285975,0.9961472158894147,1,2
S1_7,A012B4,41.43979424335101,58.560205756649026,0.816334977304087,0.36444862320564947,1.5176639232497018,2.2330856554718714,0.3817316456475381,0.061378626604670396,0.31857043548879027,4.974442940428524,0.02681790865384613,0.3408181568618123,0.8068095294420861,0.05413535705068485,0.0610511774389078,0.9928658239323364,3,2
S1_8,A012B4,41.17214106658586,58.827858933414085,0.7680566598617428,0.3521210728274897,1.586745442404179,2.318372121952595,0.44302442509722156,0.06938897593496764,0.38465962931322495,4.985277226807727,0.02608989197530863,0.43483440761233355,0.8154478707386241,0.05883029715014176,0.0690704761590337,0.985720564125676,3,2
S1_9,A012B4,37.784568794751074,62.21543120524886,0.6822196153861837,0.1495724207329144,1.2475727068575617,2.017187820863347,0.295273743802982,0.06852413111601403,0.3854714953898618,4.7506944444444485,0.02516374684343435,0.22978040377845696,0.7412409711187178,0.05484582227736297,0.06821651910994743,0.9942555796223547,1,1
S3_10,A019A8,33.556407841290344,66.44359215870963,0.5298589957394135,0.39961852083803834,1.3217400804843018,2.783436904135672,11.304744275037034,0.099169152337456,0.350419864461772,5.159301452283909,0.02199074074074078,8.114469796556065,0.6387525446342783,0.11222228548845277,0.09908405700071267,0.9381040457890552,3,2
S3_11,A019A8,39.92681437873624,60.07318562126377,0.7974307753644264,0.10675264695746053,1.2320986906208502,1.9848505919288142,2.073454910988564,0.10487851903795466,0.5235785844203484,5.512988955488961,0.02268229166666666,1.906016648612699,0.7091017980127025,0.0941231888152472,0.10379729076794669,0.9538500848348328,1,1
S3_12,A019A8,32.47410697904963,67.52589302095038,0.5198800248957725,0.18595320167787668,1.0981309556669463,2.2856377488292687,23.057932388068505,0.2467890197594878,0.6503630527814135,6.204027777777778,0.030078125,31.984956210941522,0.8196642355954886,0.2134291569202247,0.24327212827904657,0.9646239785942808,1,1
S3_13,A019A8,38.87888206209234,61.12111793790767,0.6669258500730443,0.3052690630366484,1.3210987012825355,2.0503462145973925,0.1298184103839954,0.04556902549052904,0.19779241206058867,4.106790180658961,0.031116452991453,0.11197725747890143,0.6283512952442658,0.0364546848591624,0.04542987685325838,0.995343673947809,1,1
S3_15,A019A8,34.747229130918186,65.2527708690818,0.5797402007416583,0.06561845044674738,1.0491417287749982,1.9886212978415208,1.3754866786195576,0.09535041361400565,0.4981482960476602,5.0904141865079335,0.019368489583333343,0.9979641866829452,0.7293675802221403,0.07499224712514262,0.09455398948582404,0.9682666099407343,1,2
S3_18,A019A8,36.12783926840425,63.87216073159575,0.645499217336929,0.17756374604992956,1.372343146381578,2.5150451095385984,35.13825100939671,0.22932846778623903,0.6470296885979098,6.161284722222221,0.018798828125,24.438456397834244,0.8802121640295134,0.21329171852411108,0.22460765125718177,0.9679369705247317,1,2
S3_19,A019A8,35.82396338558201,64.17603661441802,0.629189228317847,0.36822260805539836,1.3240072432999448,2.5973654449105337,0.2287879127617995,0.06500372589853073,0.34712465795943365,4.750884455051122,0.024811921296296297,0.287526953944808,0.7060848536887323,0.051649497099738824,0.06464161406347811,0.9890521172928582,1,1
S3_20,A019A8,40.62134116180721,59.37865883819278,0.8155940988574489,0.049638591283918475,1.2202901032998281,1.9054033810940665,0.42108823982215354,0.09089749215132203,0.5247403378877609,5.009150326797386,0.019607843137254884,0.44695556936892716,0.7545199272867853,0.07467351065546306,0.0901207693529426,0.9751003103944281,1,2
S3_21,A019A8,36.768128284004355,63.231871715995645,0.639157408819111,0.236300147966618,1.2781101480957453,2.23688397576366,1.329372193683621,0.11653113321762434,0.5610175059529061,6.005,0.016796875,0.7708593139432437,0.7847714056031485,0.09732164984140222,0.11610876316586961,0.9298530917280916,1,1
S3_22,A019A8,38.98319238195196,61.01680761804807,0.7069693524727338,0.24633520618278854,1.4312228905730657,2.309975150346722,17.099870724399977,0.1919101019242397,0.4473109271985318,5.47070609040718,0.022432631340579715,24.977138673084944,0.7681696655071762,0.16096830715866217,0.18906703708215092,0.9829903139881193,1,1
S3_23,A019A8,35.310853617149455,64.68914638285052,0.5854043334275795,4.500844244717233e-14,1.101130869414902,1.9769274077775334,0.3720546573652409,0.1203249896957346,0.6066612898720742,5.435185185185186,0.018663194444444444,0.3813643608921791,0.794924676583649,0.08772820734838856,0.12009143733528102,0.9752747252747254,1,2
S3_24,A019A8,32.2413891905925,67.75861080940749,0.5064707192108708,0.301508444162352,1.4007692961678315,2.933503431395773,0.8381328879115312,0.09491611051294592,0.5624513211853497,6.139232551074657,0.023026315789473683,0.847211660942874,0.8372297535435088,0.08004005392476472,0.09473063172558778,0.9869925653414087,1,1
S3_25,A019A8,36.12409392320439,63.87590607679557,0.5915270822700365,0.10690019516088617,1.2547932967949502,2.16335855599576,1.9895658508505454,0.142047282646324,0.5819613309881058,4.715432098765433,0.017361111111111112,2.6459359056482334,0.7209663140024579,0.11427632681775325,0.1405660957828586,0.9304688013193343,1,1
S3_26,A019A8,34.649796912281694,65.35020308771828,0.5894146276992512,0.0692605939336158,1.0247213236102046,1.9868172552144068,0.20028096058740089,0.0620154643879806,0.3474785642690924,4.354934715821811,0.02314348118279571,0.16708946646915301,0.7103880550593272,0.0494574869367046,0.0617826778026435,0.9822898931908939,1,1
S3_27,A019A8,25.72425389928865,74.27574610071136,0.3679921306628017,0.09343636059011867,0.7701956994924327,2.15058784708493,0.13382982906753033,0.0676347296296125,0.4100029815146093,5.388888888888888,0.0546875,0.19838870432044653,0.7504812250682948,0.050543924047095824,0.06734254028221183,0.9902597402597405,1,1
S3_28,A019A8,36.623209120532835,63.37679087946715,0.6467104574705274,0.23086508481608184,1.421524596239838,2.6023646591807776,1.8432256837869077,0.09621444134308826,0.4865356354703191,5.520455709165386,0.024130544354838742,1.725141422765183,0.8158696277759107,0.08182355025239482,0.09578912597838045,0.9924907766700936,1,1
S3_29,A019A8,35.65174389398275,64.34825610601726,0.5910197735817121,0.16704488001249476,1.1556881385342581,2.168134767099247,0.1691001730781289,0.06998612972123042,0.41415371635959886,3.888832199546485,0.017857142857142856,0.18299600743711605,0.7233542388284167,0.053559934004414424,0.06965351520975128,0.9583063994828701,1,1
S3_30,A019A8,38.213220410924336,61.786779589075735,0.6824289105853542,0.2381659822490016,1.4153013205184848,2.3043212989457866,0.19631518906457449,0.05421513827423397,0.26599200584349375,4.272287002756031,0.02767591411564627,0.21103972198435833,0.652464675689734,0.045794199779370034,0.05402095280107526,0.994407296498296,1,1
S3_31,A019A8,32.5591152357216,67.44088476427838,0.5190002982995265,0.1465100879481128,1.1564069589865045,2.478825731476133,0.19342847031460472,0.06273656107846459,0.3418803335436713,4.4779651675485015,0.022569444444444444,0.17844981838167723,0.7020729399556471,0.049847193678675794,0.06264775883611466,0.998452012383901,1,1
S3_5,A019A8,44.719887973395515,55.2801120266045,1.0267937621572478,5.4019782546695483e-14,1.380671880842878,1.6606755442083216,4.313326421614168,0.1569057400691943,0.4149838671820096,5.112976190476191,0.0203125,4.771479536397861,0.6982190673678302,0.1696209904442581,0.1522130297194764,0.9569805194805193,1,1
S3_6,A019A8,32.89912983110065,67.10087016889938,0.524188925196834,0.03301488824863065,1.1233847706877431,2.293119941476055,0.7927639521846543,0.10279905940813744,0.5976098438598441,5.583333333333335,0.023958333333333335,0.5822230176231817,0.8691351562804076,0.0886063148338357,0.10142679176055898,0.9715657579434666,1,1
S3_7,A019A8,37.472320449870274,62.527679550129655,0.6621853831360808,0.10762964825219208,1.1987750901669771,1.9489418285454454,0.25634827122454357,0.06834965463067487,0.34152759841169494,4.882673847316705,0.021465773809523827,0.2568774915666026,0.6886663152537333,0.05647112750208409,0.06798004063521393,0.9667618234744891,1,1
S3_8,A019A8,36.16894839669363,63.831051603306385,0.642398421229221,0.21334731379491684,1.336571549974262,2.4221968121471353,8.860098712022626,0.12756693224370336,0.5220191291656487,5.895789742664742,0.027604166666666673,5.722170715968092,0.7932899764740081,0.09994157820677842,0.1272645460668966,0.9750685288632309,1,1
S3_9,A019A8,28.11727260695567,71.88272739304432,0.4003647626449548,0.2880941420362165,1.1961610165347796,3.088520305556358,0.23303454716304475,0.09668013888015003,0.558319485297754,5.87358276643991,0.026785714285714284,0.4573259972136904,0.8774766858922236,0.07343605569789459,0.09654289778136814,0.9968944099378884,3,3
S4_13,A020B9,30.944996559289198,69.05500344071079,0.5037975985333328,0.345016949316261,1.0799331830957202,2.8573549674065095,0.144913379911625,0.07781468990591701,0.44381427707199,4.44444444444444,0.015625,0.24776318265647101,0.737047673333333,0.057617091891952014,0.07762372711168698,1.0,1,2
S4_14,A020B9,17.692287729530502,82.30771227046951,0.21779556689870197,0.32753534736893397,0.7419213088825641,3.3888612474950706,0.12221637701640399,0.062248992176840996,0.31018518518518506,4.442424242424239,0.026041666666667008,0.199804154695874,0.7267671315517851,0.042766136517454006,0.06222923401456599,1.0,1,1
S4_15,A020B9,24.505042534579392,75.4949574654206,0.349302528451356,0.398619151334528,1.45674236889801,3.9264380066229303,0.0927543559086,0.04830214814810201,0.24564790042944498,4.96320346320346,0.03125,0.194241600203673,0.7047398130317958,0.035738908115908,0.04829250302218701,1.0,1,1
S4_16,A020B9,33.86250763152249,66.13749236847751,0.5572629226000182,0.36918234619729007,1.3058017334917864,2.5138984205614068,0.17197731763770752,0.05460687406393142,0.2600998750392966,4.466667616009719,0.02408854166666668,0.21443968385154868,0.706195900122237,0.043974896039506696,0.05446849579209435,0.9991511035653651,1,1
S5_10,A01644,37.21985411194295,62.7801458880571,0.6672402778155334,0.4191540133259822,1.5187838444478667,2.6506303618069547,0.8389079835107109,0.08006141500804867,0.4085483366962279,5.025145353151247,0.026468211206896547,0.8280727177119805,0.8285367616809349,0.06630411131218582,0.07952201521624729,0.9834902432984852,1,2
S5_11,A01644,44.227051485836796,55.77294851416318,0.8444473366948203,0.22154516386970066,1.561912081145315,2.0387462622954295,1.247407505677599,0.07603748555293235,0.3303599600011156,4.89915674603175,0.021809895833333315,1.0848644868756843,0.8169853074904392,0.07239067845795259,0.07558883724744846,0.9778820816864298,1,1
S5_13,A01644,42.48497319851054,57.51502680148949,0.8487914752238985,0.5790461718350985,1.8029217589169384,2.4376766440212103,0.22260963647483842,0.05136719720028258,0.2270174682495136,4.694619817406677,0.026992530153508755,0.24997209686386496,0.818050722076681,0.047082366794503755,0.05117549830201231,0.9947912811467203,3,3
S5_14,A01644,33.99823806476703,66.00176193523303,0.5802007891008155,0.37646560596484663,1.276272267984979,2.5117709495069795,1694.4318566475051,0.4636583468172092,0.47243085374989324,5.265633851744962,0.028385416666666666,1412.6847737931566,0.9631867959538188,0.4302086158707491,0.44937254395514103,0.9758347860486536,1,2
S5_15,A01644,38.81626923626271,61.18373076373725,0.7024817502667304,0.4400140886532667,1.5541234153450705,2.5203969275351397,0.30473444442571385,0.0612309319708404,0.27060516697530174,4.709530356301101,0.030987639925373133,0.3368438232273948,0.8653963305950618,0.050387678560327546,0.06088101516299437,0.9917454211636911,1,2
S5_16,A01644,38.417467703192536,61.58253229680746,0.6804837705067087,0.34265787316176943,1.5280511388591012,2.492320281647399,0.6140970279630151,0.07711791944327212,0.3151784969168652,4.785576102348969,0.029377140410958857,0.5902716830830824,0.8157712880316774,0.0634462702355473,0.07682311098048755,0.9866856464815822,1,2
S5_17,A01644,38.85934863485731,61.14065136514267,0.7184736583255883,0.5840541134393744,1.6615006648253385,2.665998818893951,0.44361380601482325,0.07083290428547898,0.3453763452297261,5.074968054327554,0.02506510416666667,0.47727104559341116,0.9026436185966744,0.05994362101416025,0.07055525741349701,0.9926901586962664,3,2
S5_18,A01644,44.601245838432575,55.39875416156745,0.8993099664207812,0.692200755879534,1.8910200246807358,2.3720442619670687,38.72702425349563,0.15734688549012227,0.24547555556934364,5.140663543208936,0.032718165391156455,44.320546451486905,0.9574114186185113,0.12556568291655204,0.156989863738883,0.995231600571128,3,2
S5_19,A01644,39.70170320222195,60.29829679777803,0.7122720043675286,0.5642549826390006,1.6895494093666763,2.574212255788628,0.2692834567817382,0.05645998485626004,0.26620436586567287,4.640743127392924,0.03369391025641027,0.20811969106956976,0.828666285914933,0.04645198455428656,0.05629221125823661,0.9951724922287778,1,2
S5_20,A01644,36.67462041917043,63.32537958082955,0.7022238523023133,0.3337344092626628,1.274308765793194,2.2613897645265832,32.05975063394478,0.1881034351340369,0.466878251815093,6.040679012345679,0.02326388888888887,31.575286771939428,0.8034470875192377,0.17875117362002446,0.1847736199978467,0.950566047118219,1,2
S5_21,A01644,45.26573156322173,54.73426843677829,0.9078826171586082,0.25560240568927634,1.5402486963916058,1.9361231082289587,0.7385000840349932,0.05532555349325508,0.19696385086704984,4.293335564547685,0.028290719696969724,0.6785860660651314,0.6794232723842909,0.0528800842237283,0.054806030690787697,0.9726433274679372,1,2
S5_22,A01644,43.20764257304526,56.792357426954744,0.8943699501737421,0.16040462218386362,1.3701950539145324,1.8083633812970639,0.33372570783372046,0.05950202006675951,0.3114941902816553,4.951643990929706,0.02780877976190475,0.2528480763637946,0.7303626491265125,0.052871297016840665,0.05913976405962502,0.9936608300144263,3,3
S5_23,A01644,39.02071092967847,60.97928907032148,0.7037344545023436,0.46165921961657863,1.3874607465171338,2.2028575522487017,93.32297628938781,0.12253147396534965,0.2584770433518743,4.249606341646505,0.02902067550505052,120.9921835531244,0.7272905528588245,0.10923391863832439,0.1208282252658291,0.9919383710938016,1,2
S5_24,A01644,38.951314984856644,61.04868501514341,0.7041581272412434,0.22766967471055263,1.267951070805316,1.9385405678834011,0.21889835989764858,0.06128184979700912,0.3083151700921258,4.412179909018945,0.0277099609375,0.23359923996576082,0.6819183303539788,0.050913298698690136,0.06096222819489069,0.9768123191088723,3,3
S5_25,A01644,40.101029945323766,59.898970054676234,0.752709155197165,0.5551907306117808,1.6096677938064698,2.3544295453742654,36994.44442079664,0.7154138110225532,0.3175529543593073,4.767730073146918,0.0324997006704981,36073.939705473946,1.621836835052865,1.3199031669446202,0.6437469691105396,0.9862146437394952,3,2
S5_26,A01644,39.53731027138042,60.46268972861961,0.7267014413446913,0.490585920575384,1.6112557235053673,2.4571329182170523,6.094589302794879,0.08404139711592024,0.3509438631212331,5.120123922794376,0.026840672348484845,5.358645946579542,0.8596337636457211,0.07301784331490714,0.0832500717974986,0.9877325536470588,3,2
S5_27,A01644,43.20963172038129,56.790368279618676,0.8484280286733712,0.5757510670676053,1.6323243598994128,2.1617293526088397,0.18044797155190392,0.047053324498534395,0.19880073796919084,4.354933042559473,0.02988079896907219,0.20272940778538107,0.7137076358156893,0.04138924798855548,0.04690620765402685,0.9949691618437684,3,2
S5_28,A01644,42.778574831457334,57.22142516854265,0.8421321096604373,0.5495037555711398,1.6600278740082395,2.206628597630998,0.27304889132363197,0.05591822623503793,0.27331588736439444,4.767120139315284,0.031825921474358976,0.2633580827778425,0.8073162135424434,0.04848402271978503,0.05574589410469561,0.99360981254799,1,2
S5_29,A01644,41.69369755685199,58.306302443148034,0.8079602334557408,0.4257296619178189,1.6646263071890661,2.3404114731735217,0.254096124412141,0.05740938743116747,0.27787556805028074,4.829753017849275,0.02752976190476187,0.22448871419331684,0.7838962215485182,0.0497443919782785,0.05722216932836518,0.9939722039734817,1,2
S5_30,A01644,39.582389935719945,60.41761006428009,0.7055887159984459,0.4883943795536548,1.6657520475967242,2.612526165396478,0.277310895022672,0.067143800726377,0.3540878096448672,5.0415668749653095,0.029988606770833343,0.2618747290527861,0.8988060806495329,0.05502944202260763,0.06685360034340336,0.9966071367783225,3,2
S5_5,A01644,44.56703684409619,55.432963155903806,0.9418777750523658,0.41197167957242525,1.6331586516172123,1.9564873158855585,0.17299948796129425,0.041230244754432564,0.15574756837611978,4.360531727443055,0.027796648550724633,0.1595254104753776,0.7449902040020967,0.039544911898494475,0.04106061476549649,0.998852735073963,3,2
S5_6,A01644,44.61943000976211,55.38056999023788,0.9061788756116921,0.508905192990197,1.7460886563078333,2.1842566875712457,0.16885941365891424,0.04545267096152458,0.19013913862598866,4.299597856975276,0.024129231770833343,0.17269871708565324,0.7657111141421925,0.04059507831879744,0.04535193214880041,1.0,1,2
S5_7,A01644,44.935558264428316,55.06444173557165,0.9215739201028275,0.5671242445723342,1.7500401127029122,2.1679530306779617,0.3634605246616286,0.0493283807191002,0.20875192537701764,4.608987314823816,0.028311820652173955,0.3412557884624321,0.7981369146028153,0.04824636897483639,0.04907986017177895,0.9943705884056366,1,2
S5_8,A01644,39.21145580815996,60.788544191840025,0.7345260623650577,0.20977568697736182,1.3402796887658817,2.1230737159405497,0.4534660649190374,0.06334943227889502,0.30787515453840725,4.619052806307707,0.025505514705882353,0.3594360478094306,0.7956738342659212,0.05424244509833489,0.06299401421960706,0.9844969218654986,1,2
S5_9,A01644,40.11308685223991,59.88691314776009,0.7557799342387361,0.48681667299119835,1.5094924162212828,2.258323940914884,40.144268427725216,0.13768315456856875,0.1930798655652122,4.666441206481412,0.032190393518518524,31.730523047024356,0.7967240428086775,0.1313128563447177,0.13451516790799173,0.9908927064600398,3,2
S6_13,A012A4,32.84305902716025,67.15694097283969,0.5157524795248092,0.5336207452130257,1.555691968514212,3.152224073333949,0.4642079992105731,0.07287628822127076,0.44209402075628706,6.072768772508353,0.030002170138888878,0.5446344000201615,0.7609360652785901,0.06306670923574993,0.07274015280786189,0.9804565387885003,1,1
S6_14,A012A4,35.434902232248625,64.56509776775148,0.5930100622143759,0.377726209657699,1.4779907329838302,2.699942958994504,0.47287950156039205,0.08014600565911878,0.47421467368983516,5.927209946648855,0.02893180490654208,0.5094164241091648,0.7697213536695211,0.06556121656663617,0.0798855863579308,0.9856370571963596,1,1
S6_15,A012A4,31.443118464781023,68.55688153521902,0.4954977129225717,0.2853076038916913,1.252646265909787,2.7517214755891395,5.545054866879575,0.11511322052402626,0.5208586474248398,5.783379292781945,0.022544478244837778,8.83614375531624,0.7944561012847786,0.0950760313869926,0.11421779429959555,0.9809916769051735,1,1
S6_16,A012A4,34.85045650661589,65.14954349338403,0.5875619602549712,0.3161915268972729,1.4127130244072572,2.609153686734016,0.786448073139735,0.0922237760277788,0.44180673510281665,6.049934554349236,0.026847718253968252,0.9295974799640241,0.7510082229519,0.07688692625140124,0.09180131555997939,0.9617639147442115,1,2
S6_17,A012A4,39.21965948993226,60.78034051006776,0.7070409522948792,0.3738814482526963,1.4138418761156981,2.2653244378740114,0.6623002920839176,0.07809774742408979,0.4164974150944874,5.748145040827108,0.026018415178571428,0.6070388480761092,0.6926107094998836,0.06912387012955908,0.0777920284551056,0.9785568049152243,1,1
S6_18,A012A4,34.74837648043398,65.25162351956601,0.5807338133675624,0.22671230339976686,1.331584015745321,2.506755066850985,0.5682551055871811,0.08730425117252988,0.4420141642440737,5.737218697538468,0.026707848837209322,0.6072210904202745,0.7188763427964211,0.06961546832615294,0.08693038045039096,0.9721951888126139,1,1
S6_19,A012A4,35.05771219006273,64.94228780993724,0.6101734195386622,0.35446744166735245,1.4390270963623704,2.746266255438799,1.2645508080882382,0.08909909531296809,0.4504205292870704,5.974395983194941,0.027918836805555586,1.451426871583488,0.7560418013591903,0.0747924594916913,0.08867841156259013,0.9818340394006462,1,1
S6_20,A012A4,36.598895636314985,63.40110436368504,0.6458577610852052,0.2709672704667882,1.3531330107583917,2.4255927730955755,57.11829282334775,0.16049585974955635,0.4680673187805595,5.643191224729691,0.02451923076923075,46.803229529171695,0.742832493703885,0.1487593737411905,0.15694622237135553,0.9748751099283646,1,1
S6_21,A012A4,39.66431130774825,60.33568869225174,0.7219354989709539,0.34547102938173946,1.4406024075164894,2.1435670132893367,43.874007798830256,0.22182358134120803,0.42081230771352623,5.659695052045793,0.0261582711442786,116.87426186903494,0.6692762198994531,0.2148764604417916,0.21819360275827712,0.9683945465098184,1,1
S6_22,A012A4,40.669583101535096,59.33041689846491,0.898348509748802,0.30851656076256784,1.4696548243614347,2.2338795034116417,77.13419384438275,0.13038603739469593,0.34894565443212916,5.297894414798119,0.03006546585648149,59.746305234126126,0.688848157999501,0.11750516375627523,0.1300059249762523,0.9826018055007658,1,2
S6_23,A012A4,34.13598477125458,65.86401522874537,0.5603923945938794,0.5712112307425832,1.5968779573268472,3.1111643310610946,0.5342198609829689,0.09638549820335353,0.5868749679734916,7.3012928573676215,0.029595015576323994,0.9381405631965843,0.8962118857093097,0.08046100270708996,0.09621115103879536,0.986989216711506,1,1
S6_24,A012A4,38.40824041089816,61.5917595891019,0.7115743271083371,0.19751316369007804,1.2601891834850265,2.0966351602009645,194.9252958542637,0.2356010527320513,0.4433717679397918,4.912512943109957,0.022922496890547237,165.46242308471753,0.7141833985772067,0.20405320961057613,0.232602471321411,0.9721341212562099,1,1
S6_25,A012A4,35.63292772662337,64.36707227337666,0.6054570544750509,0.20339928886249267,1.2623818484298512,2.29971343216506,1.0635973641692296,0.08985973654194869,0.46602574343948455,5.431774605068893,0.021529796511627872,0.7880962683671799,0.7466119824593108,0.07453046925145669,0.08945506736390905,0.9654635096535646,1,1
S6_26,A012A4,37.18697996569405,62.813020034306,0.6582018609933666,0.42501448149590715,1.4741709528189304,2.5171440516853982,0.5595072787052838,0.07622388408161591,0.41622797649479326,5.890937469485399,0.031768875313283235,0.677858657438345,0.7324415821886197,0.06442600052759269,0.07603881010005405,0.988327082678799,3,2
S6_27,A012A4,34.78469284229382,65.21530715770625,0.6252526108892374,0.27131687980488617,1.2805433775954953,2.5027421756076125,6.020022549653311,0.10701474235062004,0.4549376008795071,5.296716065273756,0.023337339743589734,4.585265920327107,0.7686115227980764,0.08622434668203743,0.10664284722091792,0.9794365803144399,1,2
S6_28,A012A4,36.949501423573814,63.05049857642614,0.6472467856551277,0.09369891781270938,1.1769273119935946,2.011317001007295,13.440904563210436,0.15015004980251,0.4721831523599831,5.434862278244632,0.02384599673202614,13.753552366910043,0.6725501657378572,0.11968896456411908,0.14907970935877982,0.966740725013401,1,1
S6_29,A012A4,37.45791863317465,62.542081366825386,0.6982656103537384,0.4355083583828266,1.5063887055080503,2.592206059364474,6.8334406337958615,0.09614876307767418,0.37919632867660574,5.464417683008448,0.029497612847222295,7.735307120847718,0.686516196844842,0.08745056719124465,0.09458177996360487,0.9799009792052465,3,2
S6_30,A012A4,37.817997164687434,62.18200283531252,0.6897530572383245,0.22281206797698871,1.3736457448012271,2.313758462436141,3.341585417924762,0.10013409014861503,0.4699890673239033,5.545624757423227,0.022254995748299294,2.823214069545323,0.7141751711801863,0.0851902159552756,0.09940195928843486,0.9796594723652066,1,2
S6_31,A012A4,38.833998102852384,61.16600189714763,0.711209739870414,0.285805448122139,1.4168026476962332,2.3048528621394833,205.8012218655758,0.2539533811441622,0.4730311397448192,5.821390856618128,0.026541456228956234,131.0781964819196,0.780555837004019,0.18843939527806305,0.25348632135467764,0.9752290811518278,1,2
S6_32,A012A4,38.85867297104032,61.14132702895971,0.7047942493624773,0.300449953528557,1.3805377187284047,2.3858117369250316,2266.9745838558592,0.6015722503971361,0.48495514287768293,5.93854042495347,0.026617225241545903,1996.1379770022643,0.6037154302368273,0.5683210681898634,0.5747704422089618,0.9709872198280248,1,2
S6_5,A012A4,34.195891203700235,65.80410879629977,0.565247919680714,0.4085436941462439,1.4190238324934936,2.80215360280938,0.9635644209388388,0.09882704009261177,0.4937596011782226,6.095007015524695,0.03014520202020207,0.8634860522099509,0.8000863357597775,0.07928682742341567,0.09849437579108072,0.9777410485937413,1,1
S6_6,A012A4,35.775515545002065,64.22448445499798,0.6278011104255539,0.2502029660741909,1.24805629214556,2.393409259219163,1.3967476845345592,0.10707905314123838,0.5388760751223416,5.696617404665348,0.02311643835616439,1.3335454662291222,0.7651214572202857,0.08913204643212563,0.10609564337684216,0.9740336070742976,1,2
S6_7,A012A4,33.250895704950615,66.74910429504936,0.5336575261564834,0.47500942735027607,1.4360297533667505,2.9084082591386227,9.26901225549639,0.12134246019819758,0.4761808785844771,6.186894788701402,0.02528211805555558,10.502887240333807,0.7772990936891483,0.10615969154648248,0.12019901805791093,0.9839057177980735,1,1
S6_8,A012A4,39.308764888337144,60.69123511166286,0.7056243290447459,0.2752035413976017,1.2721794861132492,2.0046245932657465,341.21414583740375,0.2230035886587827,0.4625331092231677,5.795735133947163,0.0332772943037975,218.74876303429608,0.7156591755847148,0.23487020632863037,0.21656112310742204,0.9657607290720022,1,2
S7_10,A01035,39.370454732172774,60.62954526782719,0.7186469072500393,0.5496232934647743,1.7467722545125541,2.7700070971948683,0.8443433648884938,0.08187741966024387,0.47037726504852706,5.786663033302824,0.026923723118279546,0.9440436683471803,1.0753957844915247,0.0753510033928608,0.0813364133696936,0.993673707901254,3,3
S7_11,A01035,29.32025941942146,70.67974058057855,0.4243288438507593,0.262175623414034,1.3181077217370423,3.2782208730504965,1.1184392981322204,0.14090643405749323,0.7462539677142078,7.439236111111112,0.02197265625,0.8535989196272672,1.1827425230847728,0.10226079045888802,0.14032614383694478,0.984941045796309,1,1
S7_12,A01035,39.79624750899664,60.20375249100331,0.7000565699064738,0.5788490257922289,1.9760317637758367,2.9792438914598356,0.3525631097079962,0.07201449417662083,0.3863634618651686,5.418439036121963,0.024358485772357732,0.409161314411867,1.0599968395834072,0.06167278663881759,0.07170049030410768,0.9941250045984623,1,2
S7_13,A01035,36.55537325977471,63.44462674022528,0.6074888257695052,0.6519695331512454,1.6858228366439922,2.87984307121696,0.4694869969803885,0.09196272538178078,0.523754824111797,5.852691219400406,0.02144451530612247,0.6024757042121928,1.1635499312251594,0.07394169739123904,0.09171658329006614,0.995105543141199,1,2
S7_14,A01035,36.41572751834675,63.58427248165326,0.6075548434757934,0.35498980435515004,1.448917716753745,2.543820189473507,0.836220291906396,0.11326490961005413,0.5913073832563821,6.091208791208792,0.03044871794871796,0.7549026453494714,1.0651229833336886,0.08980947881145787,0.11282634045970867,0.988541569910166,1,2
S7_15,A01035,38.53820993017976,61.46179006982024,0.6715837343364957,0.5066915167758349,1.8777340479719866,3.0163496764061772,0.9814772546846643,0.11996451435958172,0.5818247541837047,6.128728070175439,0.02713815789473689,0.6844928590837183,1.235295296756189,0.09385835274995183,0.11967400056628606,1.0,3,3
S7_16,A01035,35.05172690003048,64.94827309996958,0.597295381089982,0.49310674191670983,1.5708210413879957,3.0389256871129495,5719.90553444941,1.517349683173681,0.6517107648433524,5.578193499622071,0.01720610119047618,8617.476261181502,0.9731159392933874,1.4180201854117693,1.455497611963738,0.9786143624116312,3,3
S7_17,A01035,38.945659834696265,61.05434016530372,0.7119786672294044,0.564186098079296,1.714408649703799,2.7843335034256476,1.812297437761371,0.10561911996644842,0.4895597350630979,5.690409388065641,0.026595052083333334,3.19641577637676,1.0405358935612685,0.0902226535070333,0.10478931485035961,0.9883270541682522,1,2
S7_18,A01035,41.27122595289669,58.72877404710334,0.7778462812328046,0.650958760670262,1.7678703104386457,2.5419281930288804,0.8557769732925837,0.08216237302334801,0.39547030630295205,5.6468940850128915,0.025319719471947184,1.53485438782859,1.0179124357418712,0.07530387366298273,0.08178419156758973,0.9971259678801973,1,2
S7_19,A01035,37.21536125554394,62.78463874445607,0.6521305495399169,0.33789693653316005,1.5729410946542624,2.577849803583312,0.9488064413267949,0.10527781187300601,0.5389330223171461,6.078323412698413,0.026529947916666685,0.7679377780823882,1.0516654111251753,0.0865187621904348,0.10449466102275255,0.9813846556404124,1,1
S7_20,A01035,39.45363916196388,60.546360838036094,0.7222447753923216,0.5047379309291143,1.6388425386289796,2.6134713789849795,2.2957491740165374,0.09833885612919609,0.5073031451915552,5.762197971781307,0.023637152777777795,1.9172981105077145,1.1251631223447303,0.08905638350094619,0.09761676142845385,0.9793960761722512,1,1
S7_21,A01035,42.18330150529887,57.81669849470113,0.8312881622187526,0.4252560676277232,1.7563724084768342,2.5322557575619413,2.475534930333227,0.12837600198828578,0.49648778355950696,5.679648001175777,0.026114004629629664,4.509214689298773,0.9667343289429113,0.11764850438993354,0.1264779762129244,0.980509242280696,1,1
S7_22,A01035,31.870179513179824,68.12982048682015,0.49390512317863605,0.42990723893939703,1.336928830886496,2.811674259541199,0.34814051322655104,0.10583030628390065,0.5744218258056986,5.582449494949495,0.01970880681818182,0.44958784974145205,1.1575866877714767,0.07698460560576215,0.1056017167760313,0.9936184505150025,1,1
S7_23,A01035,38.003720206736105,61.99627979326393,0.7161485365760304,0.38809366944660895,1.6392658614488542,2.6968056135863967,1.2420004018976165,0.1312288405367158,0.5546753055526262,5.897346623834715,0.025530133928571407,2.0127420940623084,1.1612707005082945,0.1044525213759841,0.13071277220408356,0.9831096659128405,1,1
S7_24,A01035,37.42997806155651,62.57002193844351,0.6569140528290431,0.7812908457263046,1.8393116765388735,3.115518515452562,0.762706920658346,0.1038481256752557,0.5575501501200342,6.4069080012957516,0.02537733843537418,1.1625870971037204,1.153781774272738,0.0914636377438891,0.10305583624006963,0.9882514870217028,1,2
S7_25,A01035,37.55633645679588,62.44366354320422,0.6477833817551493,0.583772367391853,1.7336788973327484,2.9217147135654464,735.8049048646044,0.28960392641038557,0.5689266359225414,6.272252962217758,0.025729900234741844,613.0771899569435,1.1636526038708013,0.2683679319934732,0.28417448221368524,0.9890557507386966,1,2
S7_26,A01035,33.33967914810795,66.66032085189207,0.5751773908382528,0.3358361596200488,1.3007328699538188,2.739215793455841,0.8483280316578911,0.12395604695858971,0.602580710407532,5.67304761904762,0.02036458333333332,0.8369979391994005,1.0948276525843281,0.09520358597628349,0.12364227620921113,0.9837536603697752,3,2
S7_27,A01035,33.39003754283263,66.60996245716748,0.5340809720952111,0.7788867359885546,1.6663419234174053,3.3517889153225413,0.6680404851977582,0.10590208139854211,0.5971773451341916,5.73577747071051,0.02226329985119052,0.8422618367419934,1.315603269476151,0.07891476474715131,0.1056337489307434,0.9955570720464009,1,2
S7_33,A01035,43.52420740389592,56.47579259610409,0.8270004374483992,0.6039450018302988,1.8824788799677679,2.4868015275598134,2.223890644091962,0.08786500802224789,0.46373462756254635,6.279263848396502,0.02659970238095237,1.9994058907546632,0.9540270363596246,0.08974100227638901,0.08722485913599691,0.9839750401996671,1,2
S7_34,A01035,40.78081844640149,59.219181553598524,0.7441391361395951,0.6326056048362761,1.8474866428902088,2.687507444603541,1.372920489835962,0.0720243853686029,0.2732843616597532,4.8356731323289575,0.02659254807692304,2.1243981068678135,0.9652974862048589,0.0652728002499394,0.07164429140586043,0.99393095751213,1,2
S7_35,A01035,39.88991065853285,60.110089341467045,0.7406936485872575,0.5701810047804439,1.7252756420144817,2.6579318196502575,0.4188963306897656,0.07151988081293999,0.409791957639402,5.583347961931881,0.0276214670745921,0.4750623477442583,1.0112620178692413,0.0644063085423056,0.0712517039068591,0.9954855273894486,1,2
S7_36,A01035,38.61536547477732,61.38463452522271,0.7867162018725637,0.4133461179317922,1.6393345272251783,2.788168280307933,0.771176810282114,0.10617521041042383,0.5942374229573655,6.0009581244778625,0.020816200657894735,0.6438729047858422,1.176309360641171,0.08943947404973418,0.10562542508740949,0.9885464791908293,3,2
S7_37,A01035,39.980376419555974,60.01962358044404,0.7377622541604808,0.45130731770809734,1.718640879914648,2.640962492777749,0.5177026689522096,0.08780588963497032,0.5108607446382859,5.926942355889728,0.027206688596491228,0.5961667930461118,1.0574349340417408,0.07607616804232473,0.08734095433230078,0.9941655806971532,1,2
S7_42,A01035,35.614409745749114,64.3855902542509,0.58144831601145,0.5388784834017625,1.5653337208141063,2.7398326918237803,1.4972511586230974,0.12493775195965866,0.615496986923622,6.2511437908496745,0.021599264705882353,1.3732534686822846,1.256761737768524,0.10901360326970644,0.12392679374060935,0.9915085184562805,3,3
S7_43,A01035,36.66092809587966,63.339071904120274,0.6179816849254608,0.5346000779539054,1.682165537931286,2.9236860839129335,0.42892199834834493,0.07737770515236925,0.41925656232547237,5.2343457179394655,0.023422703598484855,0.500564584836568,1.026387591844169,0.06405270277292897,0.07714404728131082,0.9921267062346499,3,3
S7_48,A01035,34.80686682708228,65.19313317291777,0.5642431505721334,0.6126988733749951,1.6317959263424904,3.0517720018768637,0.9864331386234659,0.11333010536528447,0.5950652185211764,6.80945767195767,0.02365860849056602,0.982364237563496,1.1374315191159385,0.09266151326521528,0.11286452927989574,0.9810382112798944,1,2
S7_5,A01035,36.81556803596698,63.184431964033045,0.6405272285187442,0.40542594350809485,1.5154973048345244,2.6537548774376405,0.8273296383025862,0.0916606946531967,0.5272512288561689,6.064512051734273,0.026678240740740752,0.8054348241782807,1.0146605560922106,0.07924737931784066,0.09117027251869411,0.9751718516864291,1,2
S7_6,A01035,36.8532529824829,63.14674701751709,0.6327403910260845,0.6128960887486462,1.7475142406370825,3.021071308166125,0.5945705468322777,0.1039118635321457,0.5547877440116695,6.208254531126874,0.02701130319148938,0.7981972431023564,1.1685874886687695,0.08414340413744081,0.10343005560510338,0.987538663855702,3,2
S7_7,A01035,34.809888796861614,65.19011120313841,0.5908563530075354,0.45408150787559615,1.4956428474281354,2.954673156894594,17.374433043021522,0.16249691311934158,0.50141151971757,5.701351258894364,0.027860093390804648,13.259198133671205,1.164102201767322,0.13164542741689592,0.15993157426300758,0.9928255486330846,1,2
S7_8,A01035,32.89951515881507,67.10048484118492,0.5409935650218457,0.6592296410933011,1.5255731825753198,3.2838724273930833,1.5737519798728388,0.1300200463287097,0.5997590770031698,5.493236714975843,0.022927989130434784,1.4411031179689366,1.3807887885754222,0.09536068646135608,0.12969452575736654,0.9849137595570007,1,2
S7_9,A01035,35.81619736413775,64.18380263586221,0.6129183531158902,0.7433698480050531,1.7493520116737677,3.1964515095514963,1.81737427227001,0.1305970895105789,0.5825232717008009,6.570650123685839,0.022247023809523852,2.938856399533684,1.2776144327171408,0.11117797269812475,0.12955223117071266,0.9869380081301034,1,2
S8_10,A0176C,34.05926385552085,65.94073614447916,0.521413990381165,5.361437638191145e-14,1.2101915368506246,2.3597440761698096,0.10970519744323548,0.067599687292064,0.48529411764705904,4.875,0.015625,0.12950486239405848,0.5147804880952379,0.055417761211088996,0.06746038711566749,1.0,3,3
S8_11,A0176C,41.971451944312626,58.028548055687395,0.8470995897893258,0.1858146572684798,1.1148824548878613,1.5524097878554635,0.2838577179808239,0.050846287942531466,0.23929064687870022,4.259487816105465,0.01999080882352941,0.22839717580018423,0.5280619941233117,0.0471236877666024,0.050615567800444246,0.9836258477352996,3,3
S8_12,A0176C,50.7238105182167,49.2761894817833,1.02937769847176,3.9215064749310496e-15,1.13106906047668,1.09878916374027,0.0042459944357969995,0.056985867287425,0.3,3.66666666666667,0.015625,0.009049772452895998,0.494340818181818,0.040308882023242,0.056792733154955984,1.0,3,2
S8_13,A0176C,33.76762186109724,66.23237813890277,0.5206416110319233,0.07095751528176031,0.9470906081634773,1.8818334425875636,0.26925517410723543,0.07149028456982547,0.38082480791899276,4.189313783364585,0.019886363636363636,0.36680958629874605,0.5569586375906663,0.055764612456963715,0.07128223710968618,0.9642186096731548,3,3
S8_14,A0176C,39.81065501630884,60.18934498369116,0.7107573969518035,0.305523689227095,1.5120973585169124,2.2859091013292745,6.068542955118742,0.12172331529456608,0.3070203254064681,5.616770485928986,0.031177662037037004,6.972076269140156,0.6516199000941685,0.10404797481069938,0.12146440849010247,0.9821102937689851,3,3
S8_15,A0176C,39.79327076285843,60.206729237141545,0.7345171257061078,0.3692393520439434,1.7254841410203188,2.672167366583769,0.6944779118784363,0.07346727352834069,0.37164333229872787,6.129036007194432,0.03214764835858587,0.7282468317763366,0.7913254810564232,0.07550259252645942,0.07323021451254765,0.9906823848192287,1,2
S8_16,A0176C,36.30018662009095,63.69981337990911,0.6170760268484734,0.3092583163051502,1.4989601713686924,2.648090104784813,0.6766296848001786,0.07583340544693704,0.4116071461757694,5.7335683327704645,0.024628767730496468,0.6729976877388026,0.7997569917158993,0.07044361917601172,0.0755309833188469,0.9836830752798955,1,2
S8_17,A0176C,36.48116953093701,63.51883046906301,0.6193788255286601,0.5195821763316858,1.8508007569737588,3.2644579665866034,0.9582209489082104,0.09176881351579738,0.4961648991080363,7.492558485401372,0.023494112318840594,1.2018003986609058,0.8950870927570824,0.09202647819048933,0.09139452690039138,0.9854164466921372,1,2
S8_18,A0176C,44.178766733522444,55.821233266477556,0.8361375833890912,0.715577704314844,2.2217878099913473,2.73168435575032,1.0323005317229546,0.07237557163851081,0.3733815000627071,7.142046957671957,0.022298177083333332,1.0748571936008198,0.8959601519605963,0.08755585534652666,0.07219155268679951,0.9940387964525894,1,1
S8_19,A0176C,42.797498455451255,57.20250154454872,0.8618719692989469,0.07982735664857883,1.381700187483287,1.790010300872444,0.15962376616595597,0.04187670851565695,0.17994649401878549,4.1306289940218495,0.024330357142857143,0.11232728374758048,0.6129626077515767,0.04322728526929701,0.0416181425056399,0.9966922192074321,1,1
S8_20,A0176C,44.860341695524596,55.13965830447539,0.9099909901524318,0.03827437335428338,1.3864966289247667,1.7226893969116506,0.2514023512643441,0.054401556881171785,0.30013925352707277,4.575413294435031,0.026437952898550738,0.15165266710013778,0.6565476501294633,0.05179096599710564,0.05407029032869456,0.9793501947181511,1,1
S8_21,A0176C,42.422728875536265,57.577271124463756,0.777598052874977,0.3093026703138043,1.701877912393366,2.3079072475761437,0.22480079585922927,0.05051833801244677,0.2280886262133018,5.213626402532652,0.03326822916666665,0.1972004063303711,0.68045739121791,0.04976771794829659,0.05034720557872628,0.9830884995193891,1,2
S8_22,A0176C,43.35478641371856,56.6452135862814,0.8710219111328419,0.13775374845164898,1.4885591817980874,1.9529828579780033,0.2551786856955693,0.045000540245232167,0.24843010959782114,5.216666666666665,0.030539772727272728,0.25322545970403076,0.7176883277909731,0.05387750496333282,0.044613513023606846,0.9886247086247085,1,1
S8_23,A0176C,40.61228430641876,59.387715693581235,0.7146174611240873,0.18255763265039998,1.4541078157447762,2.134248762531067,0.481896317203492,0.06788642721997412,0.3981594693246628,5.389120370370368,0.021484375,0.5618196293713678,0.7773606783400632,0.06630627973233764,0.06762898577808533,0.9863978022562792,1,1
S8_24,A0176C,41.920969653444914,58.079030346555086,0.7704986721740494,0.04513411727394982,1.4098022071913734,2.0269530667657003,0.2404490170140674,0.06077089583700168,0.25914146949952593,4.745833333333333,0.026041666666666668,0.26590131950966367,0.7500944480783829,0.05240606948287782,0.060581081833383656,1.0,1,1
S8_25,A0176C,39.77160033284126,60.22839966715874,0.7735423774154768,0.05425608474515048,1.2362935178580998,2.0262527272418693,0.2955269532386502,0.05799944075265312,0.34332026759840445,4.909897292250234,0.03936887254901959,0.23349558490698533,0.6603138253372103,0.05204287241005309,0.05752348785067747,0.9978991596638654,3,2
S8_26,A0176C,45.79456676724791,54.20543323275209,0.9285740684962194,0.06697351071829527,1.4986769074146922,1.794966678509383,0.40598931791263165,0.05609493553664109,0.2849294316817571,4.716225749559083,0.017071759259259224,0.31699875077509415,0.6730630629101235,0.06166964636709378,0.05540851540806332,0.988888888888889,1,2
S8_27,A0176C,36.7782729136236,63.22172708637642,0.6708648369898319,0.2376886091991945,1.1628436042726753,2.037782228444122,0.7184294542091618,0.06654271507155332,0.338348318348318,4.279761904761904,0.02734375,0.36719163949259176,0.6004839315284495,0.05969935974136967,0.06617120305614052,0.9819444444444441,1,2
S8_28,A0176C,36.606098952634206,63.393901047365816,0.6932978031633384,0.2576063777270959,1.0966514292702445,1.7125213114299465,344.0524088673245,0.6404507810062722,0.31862805145989165,4.874061756956496,0.02261513157894737,429.2488324417681,0.74110369213968,0.4500115267617483,0.6398960099216585,0.9669469638467506,1,2
S8_29,A0176C,41.67528212063926,58.32471787936072,0.7857307550602493,0.1208127367018752,1.3499892421738358,1.9910927355909298,0.3578598578059094,0.05679794921873082,0.2715308103704789,4.695241576162629,0.026384320175438628,0.2151427758124217,0.6157950102641186,0.05499754989076781,0.056377821611306014,0.9912550607287449,1,1
S8_5,A0176C,40.04145055877982,59.95854944122018,0.6969244446613604,0.3462956458637339,1.5185911793022455,2.160693565697328,0.869300228005515,0.08782570003661885,0.37563541492642666,5.6558730158730155,0.02109375,0.8302235923858433,0.7757799799614447,0.08060247510058419,0.08731659172977482,0.9534554157715919,1,1
S8_6,A0176C,33.142279388090905,66.85772061190906,0.5271235028232835,0.10368811184166253,1.1919436987888274,2.4371542505473833,0.5811634512190024,0.07976659927405853,0.37551146823592657,5.503086419753087,0.030381944444444444,0.4064512402871043,0.8078729637569485,0.06945604098145987,0.07944382397787023,0.973900784922905,1,2
S8_7,A0176C,39.27865159231383,60.72134840768618,0.7433841016794138,0.23759834496279536,1.314037797705004,2.0986159441457923,11.909046784773306,0.17216274175381643,0.3489415202077316,5.29490148299672,0.028273809523809503,29.889063829332628,0.6790488381477789,0.1536373972040413,0.17020757670482642,0.9887378623525314,3,2
S8_8,A0176C,50.7898411108467,49.2101588891533,1.0463005426588696,7.13605200702302e-14,1.323046168995235,1.29007147947544,0.1151790845787455,0.03848740238830001,0.18809208033346003,5.5,0.08203125,0.19587567226665548,0.5059214060983398,0.0358448528278385,0.038430819255413,1.0,1,2
S8_9,A0176C,45.83953073112005,54.16046926887995,0.9791268561917212,7.402199409483265e-14,1.2513814443267879,1.5372959265384882,0.13758711880063285,0.0557684902637693,0.3176103988603986,3.7430555555555562,0.020833333333333332,0.13832679646619186,0.5203996005265803,0.047544148032871006,0.05560286347450465,1.0,1,2
S9_5,A010BE,38.3325775032714,61.667422496728655,0.6922464946950551,0.34294433266795005,1.398038701129108,2.322475280769957,0.2701068633512902,0.05189552416839988,0.24688164457871062,4.834518071291328,0.027691981589147287,0.27649222564946696,0.6723679818549567,0.049352173917795936,0.051624585340554974,0.9953051323275287,3,2
S9_6,A010BE,36.857522793906895,63.1424772060931,0.5837199366379971,1.7665503654276004e-14,0.6647174816937521,1.13876097075298,0.0033042383751529995,0.045556506861260004,0.3,3.66666666666667,0.015625,0.004127030199332999,0.5568436363636361,0.030677973698642003,0.04552970018175,1.0,3,2
S9_7,A010BE,39.155431204583884,60.84456879541608,0.7581786429863332,0.09057840083717894,1.0757155573512238,1.7770081355223502,0.43819054936490737,0.05157194920850267,0.25985426825812424,4.8152689469095735,0.029663085937500028,0.28579122769995374,0.6006680343089689,0.04608051215930284,0.051289984884221075,0.9925328674026591,1,2
S9_8,A010BE,41.8906806192019,58.10931938079814,0.8106495501434395,0.2817364875313872,1.4957681635416509,2.148209699675375,6.274154757965913,0.07849288001024557,0.33631977151192627,5.243683576214315,0.022829149590163952,7.145588337713178,0.7071620632389378,0.07456121301672002,0.07780048805975726,0.9858783542143188,3,3
