SessionID,Mean,Peak,Perc20,Perc80,QuartDev,Std,Strong_Peak,dataQual,Max,Min,SessionLabel,SessionLabel2,Lab_sub,derivative
S10_10,0.20741289502528,1.5648148148150676,0.08910313638206656,0.3389822295186811,0.20807760527852573,0.14423959923821253,0.0,0.022685185185177776,0.40548821367958904,-0.12866750332243573,1,2,10,-0.0037516009758212024
S10_11,1.4869584167781582,7.651515151518208,1.2770244239247612,1.7139511427280112,0.3442620767886258,0.2741158935549642,0.0,0.04356060606062385,1.931804066861545,0.8650687269464968,1,2,10,-0.0046694671095092
S10_12,0.4445115241904,3.333333333333459,0.3595018329053556,0.5507912388852662,0.15132363942860774,0.140801085837204,0.009259259259255555,0.020833333333337773,0.6728643122393999,0.10091729180908462,1,2,10,-0.0018359566046504386
S10_13,0.22357749225154075,2.1120689655173885,0.150327081847824,0.3287123589249607,0.12402746885905121,0.15457162515931452,0.0,0.039152298850581906,0.3748108873305751,-0.21040445767510993,3,2,10,-0.0017744430573834523
S10_14,0.14252083067647153,1.773700305810469,0.09730460683608066,0.1959847676247825,0.08044737142740328,0.06722215524816985,0.0,0.021024464831800923,0.23837468813056148,-0.02882414197431679,1,2,10,-0.0005137834890390155
S10_15,0.11045756173512654,0.5128205128206154,0.08849608842402001,0.13920444591920386,0.04153997543578622,0.036299399501846186,0.0,0.014423076923088462,0.16190766071574617,0.01608938729545884,3,2,10,-0.0008834141423764301
S10_16,0.23076053634323715,3.1262939958594735,0.05582350768651803,0.4311011419407093,0.2986071833347169,0.24230667400546727,0.010351966873701863,0.07893374741200249,0.5273739947966744,-0.36737908625151466,1,2,10,-0.00303010596891014
S10_17,0.18313279994942638,1.4301801801804805,0.08142550504932353,0.2940630636575838,0.16618343554464252,0.1312996338980334,0.0,0.034065315315322295,0.3536105498740168,-0.12295559874718712,1,2,10,-0.0024262953500807346
S10_18,0.23796023152587886,1.0551558753000359,0.20514947034067063,0.2763766616769129,0.05594696256365881,0.05023011515385972,0.0,0.025179856115107913,0.30412281761186255,0.10865503199790821,1,2,10,-0.00039519546541886283
S10_19,0.3280750675718933,0.4924242424242104,0.30681947953245936,0.36113823897784647,0.04388465288342233,0.04726386493139396,0.0,0.010416666666663637,0.37593729249116464,0.19291773127036912,1,2,10,-0.000329500497288622
S10_5,0.1089706880377,2.7693089430892726,-0.1455075812629049,0.36999659622315534,0.40766017058371556,0.3085875140973687,0.010162601626012195,0.10238821138210974,0.5129558823584691,-0.5859500083136374,1,2,10,-0.005638075668996337
S10_6,0.15747295556806787,0.7175925925928558,0.11272998570761462,0.20347055309089015,0.0711342401598637,0.06031311065402058,0.0,0.013657407407408336,0.2351663252242225,0.00889209223504256,1,2,10,-0.00026240263144216175
S10_7,0.7677366380620911,4.810185185184275,0.5580153517792904,0.9895565436742045,0.3295304544395832,0.27353146643695275,0.046296296296277774,0.029166666666666657,1.159814999581005,0.1506692964825244,1,1,10,-0.004431861932889423
S10_8,0.22414830846104988,1.7175925925929663,0.15156320313533697,0.319984345714419,0.12350377958434162,0.12998516048671344,0.0,0.029398148148151105,0.394123464022302,-0.11109476469546525,1,2,10,-0.0017469306670847586
S10_9,0.13944568030806337,1.0787037037038387,0.06937652084865759,0.22457014308383821,0.11660717583241412,0.1130942429757786,0.009259259259255555,0.017129629629630556,0.2695548595728793,-0.13379557607914228,3,2,10,-0.001376961272048617
S11_10,1.8092245580317503,3.2346491228064576,1.6381960650608884,1.9995575258021898,0.28581706754994957,0.2265607419716807,0.5866228070176185,0.007675438596497369,2.273390703222655,1.3383335631552153,1,1,11,-0.00765819866617091
S11_11,1.6183391418143565,6.374999999998427,1.4366581224390111,1.808254261865644,0.28838423167158167,0.24044620239900047,0.47222222222228355,0.00601851851851889,2.081999664311523,1.1008748755919593,1,1,11,-0.004625633273798561
S11_12,1.5138748519376324,6.231617647061409,1.2760964868655298,1.7505991476091327,0.3654097245823443,0.28673255438289275,0.5024509803922795,0.029718137254918387,2.0758387889127796,0.9207167685363901,1,2,11,-0.007238319931684454
S11_13,2.09383490642405,6.666666666665977,1.8501982997257838,2.3439418639766347,0.40360227251451064,0.3030237649252339,1.3611111111112504,0.007407407407406668,2.7988404726323,1.5023264142007506,3,2,11,-0.010205801635421143
S11_14,1.064893842562664,3.1055900621118804,0.9423406800696472,1.2045594319101924,0.20868708954909862,0.17462640059468648,0.42443064182198753,0.009057971014503109,1.3842882826086398,0.6845337186011485,3,2,11,-0.004105157393219271
S11_15,0.9712865716771013,3.0351681957184855,0.8856927538870363,1.0574201100918992,0.1424393405140202,0.10322594496758476,0.0764525993884312,0.004204892966365137,1.1629759704727616,0.773441858171253,3,3,11,-0.00173510772321818
S11_16,0.2677694862941513,3.0370370370377993,0.05235663158978468,0.5565110843756135,0.408571420500989,0.36652158055396666,0.03703703703702222,0.11759259259257333,0.6994796312000755,-0.6282850900238491,3,2,11,-0.004870359767287089
S11_17,0.7898305717774028,6.298245614035971,0.4905211836809107,1.1149390692737051,0.5107456225794738,0.3836392192638353,0.035087719298231575,0.11710526315791998,1.5110311262002578,-0.043111927734539986,1,2,11,-0.01393808360561025
S11_18,0.3914053656908308,2.7167630057797227,0.2203676028025259,0.5676583284420681,0.28269116850624487,0.2128111782357666,0.07707129094417342,0.041425818882469365,0.7507824433517225,-0.08939974272359538,1,1,11,-0.005606110937896816
S11_19,0.8508966939083572,5.420054200540908,0.5922277056875566,1.145260989380797,0.4244525789855391,0.33857035535899993,0.10840108401085366,0.04878048780488293,1.4214007182639588,0.13082903367453314,1,1,11,-0.00857871479802591
S11_20,0.47795134247360693,3.3801498127346403,0.3178753076727292,0.6374661806906682,0.2604494779102129,0.19686699884345563,0.009363295880146068,0.0390917602996264,0.7718899929707358,0.036584790139169536,1,2,11,-0.003887262710959985
S11_21,0.3108622134520333,0.8009259259257944,0.28964271970614464,0.33500342493745006,0.03704747356039327,0.028107778902085306,0.037037037037055555,0.003009259259259445,0.35536229648179996,0.2522257721230532,3,2,11,4.597155156630746e-05
S11_22,0.29801823385965154,0.24285714285719442,0.2917691001944525,0.30605018229183445,0.01127195142141876,0.01074135287526872,0.0,0.002142857142857714,0.3110349932735658,0.27055738349353975,3,2,11,-7.505121517506613e-06
S11_23,0.817367346563197,3.333333333333748,0.7130831180456391,0.9331211671159172,0.18220716915983282,0.13109520846505276,0.025062656641593985,0.005012531328324812,1.0869113759684814,0.5646975433722479,3,2,11,-0.002666231139373912
S11_24,0.49017299264330627,0.8698296836995622,0.46241809625771546,0.5226798014796276,0.05170535825729726,0.03471979151381244,0.012165450121649634,0.0009124087591240876,0.5551574386103285,0.4217716009826643,1,1,11,-0.0005873227895043811
S11_25,0.34864249915406453,1.7652329749113658,0.2841973940055277,0.4355748078914194,0.11434027658941069,0.11527674764592326,0.0,0.02419354838711291,0.5027879546776237,0.043496873449301074,1,2,11,-0.001056410870693318
S11_26,1.1398631826338297,4.0231481481489455,0.7666141922524241,1.5333373969676778,0.5894054434340498,0.45444623888438473,0.07407407407413334,0.03541666666666944,1.895908938596045,0.18457991428292814,1,1,11,-0.013065696785793533
S11_27,0.13399695433573577,1.9166666666668861,-0.01529539400740165,0.3008879844477184,0.24226789970850524,0.21090602216789633,0.0,0.04328703703704389,0.4332246699824249,-0.37671109982473877,1,1,11,-0.003450565591359995
S11_28,0.26366939768511793,4.359698681732714,-0.16686372621899218,0.6931530575363056,0.6730162161470823,0.5213899414780696,0.12241054613940115,0.07721280602635819,1.1900326854810281,-0.8091346383791197,1,1,11,-0.01802077871918861
S11_29,0.9377214252939999,2.70833333333325,0.872103151908,0.9995472478365001,0.103222242207675,0.0711916986256,0.0,0.0,1.1322311909815,0.8250859710605,1,2,11,-0.0048798138117575
S11_30,1.485011273682399,4.944444444444634,1.1957420234567784,1.8083941095839293,0.49120740163586724,0.378132146918464,0.11111111111117779,0.020370370370368335,2.0805295764289555,0.6277402649264564,1,2,11,-0.008477195362632762
S11_5,0.331359656481032,3.1994047619040775,0.20831759655173934,0.47652874002147966,0.2066137807076057,0.17204493106609267,0.0,0.0357142857142866,0.5828573968785901,-0.07538658131330643,1,2,11,-0.004774246015745392
S11_6,0.19087356836826785,0.5972222222222724,0.1713369120762137,0.2119154056135562,0.033304200628040515,0.02604469639055385,0.0,0.007407407407404445,0.2294626140518172,0.1300163625218517,3,2,11,-0.00017607605499240345
S11_7,0.13822304093494275,2.3009259259271224,0.01801664194963629,0.2649661932374139,0.19228351570847135,0.1549145955293936,0.0,0.039120370370369445,0.38381174818896957,-0.21610070146267124,1,2,11,-0.003791479284916105
S11_8,1.4656003712342867,5.483091787439871,1.3128905253889653,1.6416987003478711,0.2745420122054271,0.21089351056298075,0.45893719806791305,0.006038647342997101,1.8740699540995416,1.0265430600003391,1,1,11,-0.002984869387011012
S11_9,1.9802053234770267,4.638888888888767,1.8007035076256106,2.1665320413390448,0.298987624159035,0.22345816188316248,0.9074074074073891,0.01388888888888999,2.4764248682499237,1.5151141028469897,1,1,11,-0.006999927318209228
S12_15,0.19024458999889518,4.0277777777779065,-0.3122331053446309,0.7554204688094563,0.844627228346862,0.6536096689656643,0.0,0.311507936508,1.0628440898870954,-1.3665155281687977,3,2,12,-0.012362514337129597
S12_16,-0.28166305331380687,2.04317269076359,-0.9969620487718448,0.4425538597822112,1.1952363774345345,0.7750915475833984,0.02008032128513253,0.20933734939758017,0.817651463126327,-1.86442029435387,3,2,12,-0.019450165596785515
S12_17,-0.5489356292382827,1.8233082706768273,-1.5287112052667315,0.44995302840027235,1.6088245063738804,1.0529032662052102,0.10025062656640601,0.4696115288220377,0.9792662163625344,-2.665943639933229,1,2,12,-0.02909062545537615
S12_18,-0.41095076467580527,2.3749999999997367,-1.343031479665375,0.5079413281159454,1.5212574577420535,1.0110087320532346,0.07407407407416111,0.23611111111112382,1.1246244405987484,-2.4237802571126323,1,2,12,-0.027540135338955832
S12_19,-0.48034332699354165,2.5601851851862096,-1.5842719822457927,0.6024679215470046,1.7236566253253784,1.2003204731787744,0.037037037037066664,0.466435185185185,1.3620576560794337,-2.966292639266961,1,2,12,-0.03488803505446113
S12_21,-0.13906543761687182,1.3289760348587913,-0.3436785849899147,0.07354283860741925,0.326860448850192,0.2696497877500134,0.0,0.16176470588234187,0.21708002749984756,-0.7849881699641639,3,2,12,-0.005139126314341833
S12_22,-0.11434150471920533,2.013888888889356,-0.5332593450757304,0.34172591178188033,0.6882897246903149,0.5711601562563491,0.027777777777766667,0.11527777777779388,0.5481308859474435,-1.4987383036836794,1,2,12,-0.010982740970089196
S12_23,-0.4886460804369535,2.21759259259296,-1.1426880378038187,0.1770643079162736,1.0761564943849111,0.7863567896826505,0.06018518518516111,0.16990740740740948,0.5030328927991806,-2.2521331510084983,1,2,12,-0.017285523663640775
S12_27,-0.34393818559640976,2.986111111111481,-1.160267730582017,0.4664527911083843,1.2828884416746855,0.9399168114081667,0.10185185185188332,0.14166666666666608,0.8961781134762462,-2.409239670917718,1,2,12,-0.017860597209625153
S12_5,-0.26929158643248535,0.9423676012464112,-0.582132398981189,0.05121024345665399,0.5215133055910467,0.3803091838593743,0.031152647975102803,0.1697819314641654,0.21806838395151876,-1.1474474914601354,3,3,12,-0.00614001735018405
S12_6,0.03592261270486421,1.5787037037039435,-0.33575897797882254,0.43269180984138705,0.6093892373341614,0.46772505337153497,0.0,0.1701388888888922,0.6159601721723619,-1.0650679310003104,3,2,12,-0.008228111443028378
S13_10,0.09748712578307517,0.8444444444448934,0.021246996064993202,0.187222710774168,0.12640378186468665,0.10841718578526584,0.0,0.07222222222226667,0.21865377376689063,-0.17467094071967196,1,1,13,-0.001060793986662524
S13_14,0.9228826305307193,7.302631578947747,0.8390207970283775,1.0358947366743683,0.1528612687364877,0.1443820852590956,0.0,0.00621345029239737,1.1589332434105526,0.5809884757615436,3,2,13,-0.0026801579343865103
S13_15,0.863251067192556,7.319078947368575,0.7415226557730822,1.0091046646866515,0.2111281978925144,0.17850279192450658,0.0,0.022752192982461842,1.1303660731255656,0.4450697954649864,1,1,13,-0.0025666792772719954
S13_16,0.40193023764623026,2.4765917602992142,0.34837956089534367,0.46708874406591017,0.0926680206376697,0.07953057302727996,0.0,0.014279026217233703,0.5180790079968481,0.20623654069168348,1,2,13,-0.0008529166097084144
S13_17,0.9245787551288053,6.513888888890829,0.771830516248237,1.096193106452183,0.25551741272380446,0.2083470565028381,0.009259259259255555,0.029166666666676652,1.280370032225822,0.442305887702221,3,2,13,-0.005662903387086845
S13_18,0.3393340204256425,2.032407407407867,0.3075164133610874,0.3806814761307055,0.05571061375146721,0.055791495873444626,0.0,0.003935185185185556,0.41744268080491126,0.19582318681775876,1,2,13,-0.001116373578988965
S13_19,1.4406562260534042,8.510242085661726,1.2473167917765908,1.6664158583485582,0.33520158297142727,0.2788177489710071,0.04655493482307262,0.014664804469277658,1.9024764289908382,0.7776924422291792,1,2,13,-0.0062918406255361185
S13_20,0.35189098164050375,1.3408521303257523,0.33595534449305997,0.3686935133041505,0.02628490124686113,0.018151060888943953,0.0,0.0006265664160406014,0.38519307903509753,0.3161392080313503,3,2,13,-0.0001668798017723689
S13_21,1.8581369085427168,4.898148148147749,1.594455292270634,2.1128438841230284,0.42129883130693385,0.2796321088854342,0.08333333333340556,0.0032407407407422225,2.3908922770882772,1.3706896724782138,1,2,13,-0.006701083888120498
S13_22,1.488115628408944,9.601851851848474,1.3841322305440227,1.591470381166167,0.16543365235523777,0.12394292579048444,0.01851851851851111,0.0009259259259266667,1.7937804973381724,1.2632516992504614,1,2,13,-0.0033325892092542
S13_25,0.6359766164210998,4.916666666665727,0.5905607149153665,0.6864848009409832,0.0758040232582419,0.059876259061334786,0.0,0.0009259259259266667,0.7495687953391442,0.5165742605352212,1,2,13,-0.0008725251890199197
S13_26,0.412146385226755,2.0158286778402137,0.38774604573148497,0.45205758923350847,0.04934330254506743,0.057919631456764396,0.0,0.007681564245818438,0.48559880577965925,0.2556621253586178,1,1,13,-0.0006118699391350673
S13_5,0.18519322592688323,1.291666666667173,0.146751929124653,0.23306537149854498,0.06721900409145984,0.061381879769891276,0.0,0.010879629629627222,0.2623602191534657,0.022841300002391377,1,2,13,-0.0004944065188034673
S13_6,0.11615610799025543,0.7028985507248873,0.09250147513443432,0.14162733607855135,0.0394023479446165,0.031098021187820395,0.0,0.02028985507245652,0.1610803847485808,0.04445026604825946,1,1,13,-0.00027309711552092576
S13_7,0.15091260333808323,0.44507575757591494,0.13367321327464549,0.17408297629128808,0.030771974770612002,0.03266998644726163,0.0,0.008759469696973296,0.1808491025335465,0.062190728287456316,1,1,13,-0.00010924565627872372
S13_8,0.2936692847754278,2.555555555554743,0.25473950612737944,0.3401426131791502,0.06399659844079746,0.06142012451645972,0.0,0.005555555555557779,0.3896365458837444,0.14991523492362296,3,2,13,-0.00042266666211400846
S13_9,0.29209554884734923,1.52314814814821,0.21941865471472574,0.3702789023803526,0.12080776221061687,0.09287912428856253,0.0,0.01898148148148055,0.414330032863664,0.06766157315439442,1,2,13,-0.0009576142736443969
S14_10,0.04625167967171214,0.17222222222230674,0.02702254459142405,0.10304962922543932,0.04926537938826774,0.09096675207509043,0.0,0.010833333333336,0.12645989602250937,-0.22073991028148626,3,2,14,-0.0007556203979617452
S14_11,0.7004059312971561,2.587719298245638,0.6080948168507259,0.8322948962829504,0.18091112798041506,0.16511781271808937,0.048732943469836254,0.012426900584795909,0.9174128719326708,0.29423343817809544,1,2,14,-0.0020184293413173624
S14_12,0.21752478577263945,0.7711442786071641,0.19029752422510693,0.25984251806142,0.05776000451878052,0.05257150422127185,0.0,0.005286069651744031,0.2941380268118036,0.09295760296388024,1,2,14,-0.0001533027372181027
S14_13,0.07360356443367515,0.25757575757603646,0.06418050449715307,0.09818342609650454,0.02338194582772183,0.04064919200363981,0.0,0.0037878787878790907,0.11142077470760188,-0.04238322848976501,1,1,14,-4.828535013501783e-05
S14_14,0.07366722646771215,1.0462962962964224,0.04213376477969969,0.11198165756980719,0.04898673984628149,0.05200567377748659,0.0,0.022916666666668885,0.14667059947800168,-0.0603738633528476,3,3,14,-0.0006532835145998858
S14_15,0.17773731992291195,1.0648148148145726,0.03404007342213607,0.3529032554730461,0.25556421188546435,0.2384581723986441,0.02777777777778889,0.038657407407420546,0.4958964622905437,-0.38010435229056455,1,2,14,-0.002362941510323601
S14_16,0.9035789938067769,2.5983436852994224,0.5858836470760227,1.2523522192538423,0.49208361351896945,0.4169326738603931,0.6728778467910186,0.02070393374742981,1.6260744104804434,0.07306007780646154,1,1,14,-0.007344057311492951
S14_17,0.672831919745488,2.842592592592257,0.39159236153352794,1.0100353912443352,0.5120822838125874,0.39465645571013347,0.09259259259263333,0.032870370370381104,1.1858293658135477,-0.20440293247246488,1,2,14,-0.004952971249193499
S14_18,0.11828592568254788,0.6944444444444002,0.027694871396393057,0.24577206426914888,0.1645388718057588,0.16243211662608117,0.009259259259255555,0.014583333333332223,0.2894541415615741,-0.28611700801450085,1,1,14,-0.0012077510760049835
S14_19,0.24043985759213482,0.7017543859651112,0.17008672718731246,0.3320206799605255,0.11628421459593333,0.12888213993141243,0.0,0.020224171539953796,0.38302726726905106,-0.08503685633803255,1,1,14,-0.001095773391530631
S14_20,0.14308595541414315,1.2091503267978174,0.11290925357701584,0.19176534165789272,0.05960950452603106,0.06146175022030174,0.0,0.0092592592592634,0.22463141827100078,-0.01400638846202439,1,1,14,-0.00026136368276663226
S14_21,0.05722237011250813,0.43518518518513344,0.027291147001560618,0.10726070578788618,0.05772126307502809,0.06636057870100784,0.0,0.012037037037035,0.1459973325797055,-0.1117619938278725,1,2,14,-0.000558920141141754
S14_22,0.15395051557982567,0.6730769230762949,-0.04547398831731331,0.39179656885874226,0.31029617832519735,0.2625921186613895,0.08547008547012822,0.01282051282051795,0.5517007402313308,-0.33361025012099094,3,2,14,-0.0032865979834213297
S14_23,0.2909926571724612,1.1018518518518512,0.2505462508002026,0.36140727404198525,0.08730158632365177,0.09044908766707745,0.0,0.012268518518517221,0.410444740465271,0.05921772244720761,3,2,14,-0.00048041509221563485
S14_24,0.045994780154788764,0.2538631346579007,0.03439616759948144,0.07638899711290129,0.03120083892629506,0.04916259279002192,0.022075055187629138,0.009933774834435763,0.10255756722377816,-0.09401350763043759,1,2,14,-0.000774098610624183
S14_25,0.053993198246043546,0.053763440860193544,0.04602490733403065,0.06261921459777581,0.012819510780320323,0.011088572419599523,0.0,0.0020161290322580645,0.0756356308362661,0.03080999718878855,1,2,14,-5.609354088479776e-05
S14_26,0.7330241840104027,1.9305555555560028,0.6129945667189598,0.8501130394201787,0.18182099971543744,0.1600544543603606,0.17592592592598336,0.008564814814815556,0.9828669118230025,0.3747899463920609,1,2,14,-0.0023859630639640255
S14_27,0.056968502100493174,0.0,0.05290088918622158,0.06207641773692158,0.006207091091304375,0.007292011644156319,0.0,0.002367424242428409,0.0654268937979716,0.03904237929794158,1,1,14,4.713992403622444e-06
S14_28,0.053840695249476135,0.01851851851851111,0.05189350021513498,0.05596404692892003,0.0033072297752677494,0.0025130858032493893,0.0,0.00023148148148166667,0.05771224949290829,0.048218588988026834,1,1,14,-1.1897762311915737e-06
S14_29,0.06293667887026462,0.2592592592592834,0.05874900336931774,0.07576678298381724,0.010988968031305897,0.023353480213535397,0.0,0.005555555555555556,0.08924932996281056,-0.010584923692300555,1,1,14,-0.0002754215943388951
S14_5,0.6788225225678537,0.7834757834759487,0.46441834904466245,0.9173510600585204,0.32142592995428376,0.3132881657351641,0.0,0.03881766381766325,1.0102373170294419,-0.07894731628109447,1,2,14,-0.0035393629684378368
S14_6,1.2414967128752934,2.5192678227362584,1.0127042351247157,1.5249226576311612,0.3899404253434343,0.33321986856602664,0.3564547206166185,0.02938342967245375,1.6816424842385609,0.49571000334191734,1,1,14,-0.005486242573630158
S14_7,0.3561043141245212,0.9907407407408059,0.25714479098374754,0.5106963015747068,0.1924453978365013,0.20427822249924305,0.037037037037066664,0.015509259259262222,0.6566419529718852,-0.11103271747144891,1,1,14,-0.0022985305617493628
S14_8,0.06909477017297176,0.10752688172037903,0.060485988355593955,0.0907443633656032,0.02110985066496178,0.03493957454511899,0.0,0.0023521505376346776,0.10061589482307336,-0.029895094641866123,1,1,14,-0.0005159181158478153
S14_9,0.09099574747507687,0.7083333333335611,0.0354071207408775,0.15355713629541254,0.08731122161885961,0.08757611103029203,0.0,0.025694444444443333,0.21062355734906346,-0.13313266741457344,3,3,14,-0.0007031342876805977
S15_20,0.09424895367421496,0.4259259259261499,0.06039364041191754,0.12709755891604607,0.04907985776890158,0.04270354349246788,0.0,0.0041666666666655555,0.15268189497727114,-0.005611460787731457,3,3,15,-0.0003498944387499327
S15_5,0.3454606097305047,3.9074074074067733,-0.03571007938539873,0.7201266290431131,0.6185571937106173,0.43654730767994876,0.009259259259255555,0.059027777777785,0.9718798679168622,-0.6001276093697083,1,2,15,-0.009161322632743702
S1_10,0.8966071516774379,1.8981481481482925,0.7618842306977192,1.0672009546668557,0.23567210142708478,0.21150676754500203,0.05555555555551111,0.053009259259278324,1.1673469091275472,0.3663572510152127,1,1,1,-0.003504059015874849
S1_11,0.1784278646430274,1.1944444444447782,0.1015641555694932,0.27594982398359214,0.13473533588757408,0.11913448037929394,0.0,0.023842592592593335,0.33356672745799454,-0.11122548507521746,1,2,1,-0.0021449747743823144
S1_12,0.9742194293942431,3.969534050180011,0.5576458587286366,1.4134693529367635,0.6939531993710344,0.48051249547723657,0.08960573476707527,0.06227598566308494,1.7559597898316344,-0.011943004837850553,3,3,1,-0.012566424523005777
S1_13,1.3023205711564678,2.9027777777774872,1.043148586294355,1.5603754267458863,0.40605636931278,0.3047770862924851,0.0833333333333389,0.02662037037037722,1.777721362948147,0.6423658737907425,3,3,1,-0.0070728702486699815
S1_14,2.8283059938463504,9.416666666666028,2.064932092680777,3.5812797962164478,1.209333367732012,0.8621442434163968,0.4499999999999801,0.17624999999999097,4.276633701856057,1.0313409402682268,3,3,1,-0.02089513065418596
S1_15,1.5860678641152617,5.938189845473168,1.0241974652127364,2.1927895319911306,0.9472610440645288,0.685163188657932,0.6125827814569141,0.05684326710817416,2.701481054364302,0.19048507154556205,1,2,1,-0.019140052292253684
S1_16,0.8524465731884938,3.917824074075595,0.5969684059488057,1.1372494650651657,0.444900144359797,0.32926078197679387,0.3240740740742083,0.043113425925946525,1.4342695347993577,0.1504121264360628,1,1,1,-0.00933630194747296
S1_17,0.1706643371506322,1.171296296296612,0.14323783664265424,0.20580096541351994,0.048126301541280024,0.04395839397969566,0.0,0.008333333333333892,0.22577328754043677,0.05461748294019426,1,2,1,-0.00039690892216390325
S1_18,1.6470336272222124,5.978915662649729,1.0621079469913446,2.2946017099272957,0.9911317824443753,0.7261525020505616,0.3212851405622651,0.06074297188755481,2.8012133887310777,0.07267770671820184,1,1,1,-0.017513973240974905
S1_19,2.6859937691372804,8.71759259259329,1.9967036640385163,3.4281538112998615,1.1594943075644268,0.8540316001083978,0.4768518518520001,0.0645833333333511,4.062614981185101,0.8535951730494424,1,1,1,-0.019135868081991633
S1_24,0.16196480604811103,0.8101851851856116,0.14474200369064935,0.18811737920088775,0.030040918362647256,0.03841052240254998,0.0,0.01250000000000389,0.20389588241961004,0.05726477983937228,1,2,1,-0.00012134523889137707
S1_6,0.2792815142425079,1.3287037037039064,0.23214521816065495,0.3371996441049167,0.08485934921583563,0.07128927854101684,0.0,0.02013888888888388,0.3607255835254723,0.09376046406668789,1,2,1,-0.0006174431268342301
S1_7,0.3839780548536767,1.4722222222230787,0.3375074478046901,0.4433713034964945,0.0832839468784334,0.07098248773049795,0.0,0.015972222222229444,0.48145920763920547,0.20763042437673088,3,2,1,-0.0006074986975658984
S1_8,1.4086398800435016,5.4239766081859315,0.9540640273115163,1.9097239051525923,0.74717699153218,0.5614158529281691,0.1851851851852398,0.049951267056524556,2.2276686870332814,0.1732814315953856,3,2,1,-0.01311280881684333
S1_9,0.6171393828238148,3.143518518519172,0.4599619507062255,0.7792689449980585,0.24373806978188708,0.19699407924270299,0.08333333333328888,0.017361111111117766,0.9058210303506183,0.16226717280997766,1,1,1,-0.003498277020484595
S3_10,0.5631605928261364,4.022727272727255,-0.3065472639132855,1.455040431686236,1.4639026208383588,0.9982211616033527,0.24242424242429098,0.15265151515155181,2.2942141696857083,-1.4442796990443663,3,2,3,-0.02982512113655581
S3_11,0.08040367122377208,0.25678294573654664,0.06948051481693579,0.09308254489871803,0.01911617366817361,0.015420020337477346,0.0,0.004844961240316282,0.10170599439240988,0.04119102536192519,1,1,3,-8.5330242579477e-05
S3_12,0.1292972018853367,1.0277777777782389,0.05966421137518865,0.19719067410294003,0.10614578756290668,0.0921318433993656,0.0,0.021296296296297777,0.2325420710454462,-0.10634328394393731,1,1,3,-0.000739300239778915
S3_13,0.06333586274615784,2.740740740741109,-0.20957917003789042,0.34573466332315655,0.43214969059611,0.3252150070839653,0.0,0.13217592592590394,0.5070361956650054,-0.6728968493373066,1,1,3,-0.007162358672926983
S3_15,-0.489750570017871,1.6966067864274677,-0.9266956385620063,-0.06243882197840484,0.688380965733518,0.5001919406940686,0.0,0.1452095808383317,0.3898162850504932,-1.5004599189327745,1,2,3,-0.019219245711750998
S3_16,0.09829868978359999,0.0,0.0965658251823,0.09988053026255,0.0030770623085149998,0.00173899732187,0.0,0.0,0.1022962299515,0.09580611342494999,1,1,3,9.18447664546e-05
S3_18,0.04320746291128076,2.2962962962964197,-0.04392467530511258,0.14191645014191123,0.14573596673703193,0.12238321277862675,0.0,0.06319444444445166,0.20867999077070626,-0.25555211925520754,1,2,3,-0.001972939657402284
S3_19,-0.13003073135542925,2.076923076923446,-0.4890448009799926,0.2517983531228707,0.5576842807895737,0.40563216679451825,0.0,0.1519230769230523,0.4505882135412062,-1.0146342808477078,1,1,3,-0.01226772912538216
S3_20,0.06515546061532723,0.4989711934157594,0.03597111887091875,0.09154543107390276,0.04516755814208508,0.032536354129182266,0.0,0.011574074074070989,0.11401042797363524,-0.007008722972121623,1,2,3,-0.00046710365543013054
S3_21,0.04486171505106852,0.5833333333334113,0.027040496416946076,0.06355668453690727,0.029573609721255553,0.020915798802409943,0.0,0.013194444444445555,0.07955386137794442,0.0013756424749856394,1,1,3,-0.00018567201226647094
S3_22,0.1036406908435263,1.343201754386725,0.06508838084330155,0.14915092405083155,0.0666872664020172,0.05514314194047938,0.0,0.0386513157894684,0.1796812183239729,-0.03233438342298376,1,1,3,-0.00037381331830498986
S3_23,0.0699062680263235,1.958333333333867,0.021639323449142305,0.12096265867165003,0.08015186124261943,0.057883666561803854,0.0,0.03888888888890055,0.15916985419881882,-0.06417890011658825,1,2,3,-0.0005303510784493157
S3_24,-0.12234715889857396,2.620370370370658,-0.5087989642434843,0.26187144567023496,0.6421046076788662,0.41576939220556874,0.037037037037044446,0.1173611111111228,0.5017920163618933,-0.9585809018975291,1,1,3,-0.011360283013534301
S3_25,0.04280192015877705,1.4265536723167007,-0.04609829851680019,0.13251406149154313,0.14309302589251655,0.10035752883669927,0.0,0.07415254237289379,0.18462613919476095,-0.18250468205335968,1,1,3,-0.0017036240887021224
S3_26,-0.0480911808994472,1.883802816901071,-0.2699849753312047,0.19626572308199927,0.38182730392069614,0.2624246578178106,0.03521126760561972,0.09066901408450631,0.44582263481312456,-0.558481607822943,1,1,3,-0.009138052161213682
S3_27,0.006395550251308951,1.1720867208676835,-0.06010767873210267,0.07810958097600816,0.11600717407384811,0.07304342228626635,0.0,0.06402439024391789,0.12398732006720163,-0.14385075147876233,1,1,3,-0.001634169260283826
S3_28,0.42745777537978996,2.185185185185493,0.23421879465284726,0.6054944704058246,0.30632577788522236,0.21349758756425127,0.046296296296333334,0.09120370370372777,0.7966233006687514,-0.02089109682916993,1,1,3,-0.006155929122444152
S3_29,0.029407155358182897,2.504708097928738,-0.07190967458335235,0.13409367001099282,0.16460890313394963,0.13383210871939993,0.0,0.0988700564971949,0.25564184863899725,-0.2759013032805052,1,1,3,-0.002725080137079931
S3_30,0.06445076577768333,0.6064814814816335,0.04694856795097695,0.08428163209231997,0.030670482059496726,0.02256441122400128,0.0,0.005324074074075556,0.10058256284301714,0.01608843650776979,1,1,3,-0.00017130799976548293
S3_31,0.05022123135654887,1.097222222222595,0.018433805236315742,0.08367723490895393,0.052471222153928514,0.038591857985563055,0.0,0.02777777777777944,0.1136966555868767,-0.03619599315329916,1,1,3,-0.0004013371431328626
S3_5,0.17940962941101465,0.3514056224899701,0.1688217168478426,0.20433681045907956,0.028379866103268696,0.0355170839568835,0.0,0.008785140562252412,0.2177313990958422,0.07722115776495049,1,1,3,-0.00021924745547518014
S3_6,0.24238890832217813,0.5231481481483391,0.22033674119184718,0.2683841693129502,0.033030259718183255,0.03712510690196165,0.0,0.018750000000001106,0.280714319179739,0.14368023803185603,1,1,3,-0.00035574235682992155
S3_7,0.17634843281468718,0.8703703703707725,0.1390868990139512,0.21805845755034434,0.05965242867161719,0.05475515842416625,0.0,0.03564814814815612,0.2356818766244,0.03212651686242747,1,1,3,-0.0006099669318518384
S3_8,0.26834311256113247,0.6004901960783533,0.24385009581721984,0.303080839039919,0.04683999645840569,0.045593438852736846,0.0,0.017769607843145584,0.33394922852382364,0.15172078011918533,1,1,3,-0.0007923233646179872
S3_9,0.14587247007650178,2.2222222222220847,-0.2869405097316288,0.5606568599545555,0.6890349713413785,0.46603215121048386,0.01851851851851111,0.08680555555555722,0.8398818083366724,-0.8196446502447884,3,3,3,-0.013385013940321575
S4_13,1.88895177477,10.833333333299999,1.66650771858,2.0195197167,0.313878212804,0.15666743567500002,0.0,0.0,2.0263657952900003,1.61519828174,1,2,4,0.0056407821754500004
S4_14,2.1783212217,12.5,2.00722466209,2.37152773467,0.348183902763,0.222981896442,0.0,0.0,2.7957476013,1.9559875589200002,1,1,4,0.0139960007063
S4_15,2.8434197644,17.5,2.34906053713,3.42804070736,0.817967236269,0.567107665568,0.0,0.0,4.02484910025,2.01414916786,1,1,4,0.0335116655398
S4_16,8.716418144654,17.2499999999935,8.290073254648998,9.12762921319,0.69506101489715,0.45430454458180014,2.0833333333345996,0.0,9.696793415573001,7.870457678609002,1,1,4,-0.0017657786350655006
S4_5,0.0204643216494,0.833333333333,0.0183227852052,0.022288677378,0.0029394340849,0.00243979216994,0.0,0.0,0.025726202329,0.0156383158135,1,2,4,5.68908307457e-05
S4_6,0.0236530137845,1.1666666666672,0.01831541400982,0.029592817313499997,0.009324880982879999,0.00684416096533,0.0,0.0,0.03981525773154,0.011814516494257998,3,2,4,-8.801508124509998e-05
S4_7,0.03933014811905714,0.9523809523812857,0.01616416984854857,0.06192091584955713,0.034821201369042855,0.0260780940799,0.0,0.05357142857142857,0.0837454427973143,-0.016256924455525144,3,3,4,-0.00029131743057842863
S5_10,0.17271756581399522,1.5877712031559297,0.0755561355956825,0.2983754768766834,0.1684723566513036,0.17158378605050098,0.009861932938852071,0.03476331360947574,0.36381845659841416,-0.2590588162699691,1,2,5,-0.002026543361637241
S5_11,0.5853178282178342,5.3556910569097385,0.23557229997562043,0.967453174082162,0.5884511082255318,0.46981484453786126,0.0,0.07926829268292927,1.2819509029917073,-0.5028772532126163,1,1,5,-0.008150315900126343
S5_13,0.22466624568274104,3.1002824858759124,0.06357974742136839,0.39631852562444814,0.23202883137923555,0.2348099575527579,0.0,0.052966101694938136,0.5058397910678762,-0.3753760660171167,3,3,5,-0.003237271470945012
S5_14,0.08096991318651643,1.3131313131312858,0.012052893372882153,0.16718426506915338,0.12200075118686862,0.11876603582270968,0.01010101010100606,0.02626262626262363,0.22929603679025157,-0.2276872625361772,1,2,5,-0.0013540335617156299
S5_15,1.0271459854462297,0.4398148148148558,1.0046521649773348,1.0532707589799735,0.04022178058598107,0.029211327109120565,0.0,0.007407407407410001,1.0688149352211507,0.9705908170223517,1,2,5,0.0005705986733334366
S5_16,0.11164986768885735,0.5666666666668534,0.09148920533515688,0.14228327438845398,0.037959882856991076,0.042259473578493856,0.0,0.011666666666668667,0.16061763124526937,-0.007273970372529126,1,2,5,-0.0006256740580798688
S5_17,0.1372145739783463,0.8611111111116224,0.12069422416253521,0.16040127789291225,0.03195497094961921,0.03024508266770172,0.0,0.004861111111111668,0.1799451196606727,0.058384321157663024,3,2,5,-0.00020968159442469206
S5_18,0.3070232049693166,2.587962962962945,0.2522516691235091,0.3807230701436564,0.10104335003950353,0.08982464142558336,0.0,0.011805555555551668,0.41627642599118664,0.08898345212153327,3,2,5,-0.0008585179137517057
S5_19,0.3339990586296791,3.219373219373239,0.1802220732012693,0.5088885372635621,0.25985579544894033,0.21485853411490108,0.0,0.0377492877492829,0.6522382780278505,-0.1668233063392891,1,2,5,-0.0037694344297334948
S5_20,0.9694575854015322,6.874999999997358,0.8510923015008464,1.1131662227671,0.22645766870779355,0.15812343029280607,0.0,0.011904761904764286,1.2386022774188319,0.6462334763264215,1,2,5,0.0038309770118456743
S5_21,1.4056553926972342,9.196078431371065,0.3522960811722059,2.4883608084189173,1.6837503316586,1.198257540556376,0.2058823529414,0.12058823529411178,3.1468462305660583,-1.1657816037659807,1,2,5,-0.027005243253915942
S5_22,1.7350982278687657,7.013108614233394,1.4198099447648078,2.113498836376571,0.5764589527040981,0.45816133216907456,0.03745318352058427,0.09176029962545616,2.5282158147799607,0.6688744763876332,3,3,5,-0.010151058980690655
S5_23,0.8422345690202704,4.569716775599512,0.5699195546550037,1.1296388094763132,0.44233290150290133,0.361161880521813,0.11982570806099346,0.04302832244010523,1.476944340928227,0.034593844490083604,1,2,5,-0.009687937339327388
S5_24,2.2932469845125616,11.749999999999874,1.766357005201906,2.9099421978944284,0.9148462543775048,0.7571230867034778,0.08333333333335714,0.0976190476190657,3.3460789716624046,0.5185499714856828,3,3,5,-0.014754747351795834
S5_25,0.18898563054683015,3.2314814814804245,-0.2000503186731972,0.5755216986593377,0.6032430158390726,0.4578473781963889,0.0,0.0763888888888861,0.7810023757765135,-0.7986715157983125,3,2,5,-0.008680435344931401
S5_26,0.09920690199554841,0.6944444444447666,0.07650475666016131,0.123837091302574,0.037416328851845274,0.029990944430903513,0.0,0.008796296296297223,0.14038553358644884,0.02793402323133215,3,2,5,-0.00021601707833502734
S5_27,0.2149990483118797,0.3858024691358243,0.19127826913283885,0.2418650951237591,0.04177395223876766,0.028257848590438613,0.0,0.005401234567901851,0.2601687491433147,0.15665025632712012,3,2,5,-0.0002070520890055157
S5_28,0.14807656003521252,0.6586826347305811,0.10336171727420655,0.19799944553061866,0.07200288332187414,0.06477819662543015,0.0,0.015469061876249099,0.23663392178700227,-0.009590086037923324,1,2,5,-0.0007562619368459007
S5_29,0.03442740226900599,1.1111111111112004,-0.0350605098854677,0.12296362320155169,0.12243340771648627,0.10644416964018284,0.0,0.021759259259265553,0.19270339728500957,-0.22820520678100342,1,2,5,-0.0017325940685717868
S5_30,0.12731042575863713,1.0000000000002855,0.1071059570223069,0.15144512876443,0.03531569090962871,0.029337046479390932,0.0,0.00654761904762143,0.17266837012563568,0.05689500856466114,3,2,5,-0.00022254283337063977
S5_5,0.3573706089340612,2.8171091445447116,0.1450939560966394,0.5998660982360645,0.3406130384583458,0.3065899394916015,0.0,0.11578171091449027,0.7942565405872319,-0.3872516690699097,3,2,5,-0.006092260429632691
S5_6,0.1206950827754177,2.8823529411767774,-0.07619605475036362,0.35705689567077864,0.3333982095244999,0.3289375127945749,0.0,0.07352941176471411,0.5694318901683492,-0.7210587743211057,1,2,5,-0.005488077780541328
S5_7,0.3658399779149629,3.041666666666795,-0.039716043204631506,0.7801063966496493,0.6555085839426047,0.48744019447230114,0.01851851851851111,0.12199074074074111,1.0333559209354815,-0.7317002273040406,1,2,5,-0.009496565096211348
S5_8,0.28650040327179105,2.4629629629633243,0.06382765037974163,0.5088516381483688,0.36088136069033283,0.2750486896037659,0.0,0.04421296296296555,0.6801925393160321,-0.34495403211633485,1,2,5,-0.004941386177256881
S5_9,0.051578989952388,0.5119047619049073,0.028510877569582947,0.08210817760408291,0.03967640566376031,0.0382296227472842,0.0,0.014880952380953575,0.10654877540462199,-0.043706918435841846,3,2,5,-0.00030771754805925715
S6_13,0.12947736446919583,0.138888888889,0.11930515734361251,0.13918255701902085,0.016050324368255414,0.012113397824201249,0.0,0.0069444444444499995,0.14612948826615,0.10142398127913628,1,1,6,0.00015339417227221665
S6_14,0.7329430641395428,4.120370370371966,0.543743115952832,0.9367390472865995,0.30525401307138755,0.25493833505032926,0.0,0.06550925925926944,1.0998785482511833,0.12518588567579642,1,1,6,-0.00495208975704518
S6_15,0.2075508559342214,0.5555555555557562,0.17493942901418946,0.2601539587840833,0.0646673136143057,0.07867131836437093,0.0,0.04960317460318095,0.2757067553026606,-0.017803090369176242,1,1,6,-0.0008532386312368916
S6_16,0.32122278794687703,5.160075329567287,-0.5620802284847797,1.2206649733974853,1.4474763579013994,0.9900674480862959,0.07532956685500565,0.15395480225987915,1.763565519488718,-1.8086465274782455,1,2,6,-0.028768420104563704
S6_17,-0.651813298642745,4.046296296294376,-1.8166889688706829,0.5197917358531774,1.9212012096773157,1.2703065802927818,0.09722222222220557,0.3254629629629567,1.469005421905755,-3.0520109632020302,1,1,6,-0.04252034890310204
S6_18,0.19857407010096165,1.5264797507794583,0.05538904428046449,0.391912908743637,0.256967467648109,0.25913579298085043,0.01557632398753271,0.06113707165110187,0.5031647786891291,-0.44516200893683616,1,1,6,-0.004979562589538038
S6_19,1.078558457464658,5.147679324894239,0.9283655022821472,1.2618162881361072,0.2577531630216503,0.21689189732626896,0.010548523206746836,0.04166666666666708,1.4295569595612156,0.5624099050879724,1,1,6,-0.004266570994264479
S6_20,0.8604910496726172,4.74719101123544,0.5965353333528042,1.1744404882033543,0.44389110878733384,0.4246632614318423,0.04681647940077528,0.061563670411982595,1.3623781504296406,-0.21515117366306521,1,1,6,-0.007939981306003655
S6_21,1.4894771105363027,8.138888888891492,1.273524404342046,1.7360521823911126,0.3382911170550131,0.31401377480310816,0.01851851851851111,0.06944444444446277,1.9651577444720538,0.7179193940936676,1,1,6,-0.005600186723303053
S6_22,0.6734367241788284,4.907407407407969,0.08082020372792895,1.2929169871675337,0.9787164869844662,0.6845060625991957,0.06481481481478889,0.09606481481482941,1.6210688990061717,-0.7691589890157574,1,2,6,-0.01905023811329273
S6_23,0.43562879711120783,2.6519607843150963,0.23948500756573393,0.6470940765983884,0.3155099405495822,0.26210000368461916,0.009803921568623529,0.05686274509805118,0.7363813539089472,-0.20983019473613412,1,1,6,-0.004391825288684051
S6_24,0.8445768287830071,3.9629629629639345,0.6929898512404837,1.0388996783408002,0.26967687165448306,0.247265764013589,0.0,0.031018518518523334,1.145943323810728,0.23899185577435675,1,1,6,-0.005071487599521936
S6_25,0.248649931113304,3.340108401084462,-1.0201326493615785,1.5245939642429502,2.1089388277389305,1.4624907847461088,0.13550135501349592,0.29776422764226834,2.204382585663888,-2.7988168573709453,1,1,6,-0.03672666871627403
S6_26,0.07459528044016846,2.1554934823100584,-0.5578264192704426,0.6949535298718359,1.039636895284873,0.702863768713944,0.1210428305400447,0.10637802607076924,1.0749158392112896,-1.3236497152871811,3,2,6,-0.02060781917470409
S6_27,1.564154272043265,4.180555555554695,1.3853719603734822,1.7828808855372225,0.3096713132051959,0.2952725057869024,0.06481481481483889,0.022916666666673885,1.9155015256641965,0.8102733870827902,1,2,6,-0.004439849107224765
S6_28,0.3589028474318303,2.1851851851845603,0.1687735624311302,0.6027332769992946,0.35022186791929316,0.3363725600756424,0.01851851851851111,0.05046296296297166,0.6830519424636501,-0.5141075080756933,1,1,6,-0.005059887382637706
S6_29,0.16914292024075556,1.265432098765278,-0.06904296361011665,0.4279157092817622,0.39061290858915676,0.31612265180039467,0.0,0.21733539094649204,0.5136092424728705,-0.6052414533032069,3,2,6,-0.0063013895594547
S6_30,-0.7019135247606331,2.634259259259801,-2.0252178360638893,0.662935697750394,2.228904448742701,1.4105543594982386,0.03703703703702222,0.32592592592594105,1.2750564568482177,-3.4682333110714354,1,2,6,-0.04025553912229052
S6_31,-1.5236552011595632,1.7962962962968483,-2.924030270377057,-0.1310115087928129,2.3225101111723254,1.4985331695193669,0.08333333333332223,0.2585648148147985,0.8875213392404717,-4.3533403916707885,1,2,6,-0.053288230107781304
S6_32,-2.336916055238281,1.913407821229473,-4.015670654142901,-0.6797527163881723,2.7499452415588554,1.8002158113763636,0.1582867783985141,0.30679702048417484,0.9998019549022217,-5.513026670175201,1,2,6,-0.07508155531582013
S6_5,0.6133045626901507,3.226851851851742,0.46253679506591655,0.7896296384213191,0.23939994961017066,0.23831381497343782,0.09259259259262223,0.08587962962962332,0.939676484411511,0.014414864960585073,1,1,6,-0.004496424648438877
S6_6,0.3852457703798997,2.5740740740738874,0.19469454815954804,0.6038495210980439,0.309073037523446,0.2893361034848245,0.0,0.06828703703705388,0.7137354308933221,-0.3614847729701732,1,2,6,-0.004957245592826688
S6_7,-0.5639763973003233,1.9545454545452212,-1.507333234718697,0.42966830537835116,1.5435341189962224,1.0887438711347264,0.025252525252563635,0.18207070707072476,0.8791778935013034,-2.8376300365248537,1,1,6,-0.028305051505955837
S6_8,1.3001549002064183,5.08585858585849,0.6500396376277686,1.9189979565576312,0.9907516692191589,0.7304410751262184,0.02020202020201212,0.07222222222222485,2.3399039937990813,-0.2479727060157707,1,2,6,-0.01965001440474912
S7_10,6.499398984495791,9.393518518514535,5.121674960117676,7.927890877804106,2.287890546087109,1.5549587638674391,0.7685185185187116,0.05231481481482221,9.167917980879368,3.5746868334886774,3,3,7,-0.03839664109140238
S7_11,1.7107764521591031,4.86111111111198,0.9793520370345103,2.4531491095124105,1.1915274837634957,0.8528632946086884,0.1666666666667723,0.05347222222222944,3.2392572493312803,0.05711701601939244,1,1,7,-0.02468102512525903
S7_12,1.4974705595938989,7.156308851224427,0.9296458002859562,2.0667583155725024,0.9027099628195863,0.6735000638915148,0.09416195856877402,0.05532015065913729,2.5005823212447336,0.027737875401096648,1,2,7,-0.015365265740746852
S7_13,0.40169577308381804,3.723628691982352,0.08062736004954538,0.7669579599497703,0.5515916602033696,0.421795862231983,0.010548523206746836,0.10179324894517025,0.9943656049576732,-0.551394651040377,1,2,7,-0.009680975660440695
S7_14,0.7653336676547391,7.086056644879643,-0.36198730857023514,1.863724512982743,1.8009488000676583,1.3002197485836555,0.28322440087156864,0.16203703703705485,3.271318098966316,-1.8311371231989706,1,2,7,-0.043962848329191
S7_15,2.9891115752571604,8.611111111111255,1.2489744099544597,4.715835121272278,2.7546275120757424,1.994866972869308,0.7037037037039333,0.08217592592594611,6.706180436689985,-0.6971289313973672,3,3,7,-0.06167099600493089
S7_16,2.1293008133065254,1.0975609756100368,1.0711958542635631,3.0168881867280115,1.6240438345074546,1.0285322619886546,0.12195121951223171,0.012703252032525609,3.962797301752536,0.46474287380969875,3,3,7,-0.020873327290305357
S7_17,0.2965829524419042,0.7634730538923475,0.26190537194572483,0.34077457956073404,0.06120039994364211,0.05317372690789805,0.0,0.011477045908186828,0.36777437538735164,0.16388272470750798,1,2,7,-0.0003891325758202911
S7_18,10.320523623527814,9.148148148147941,9.063973048436575,11.674139471434112,2.114486322681338,1.4939882841454888,0.7870370370371279,0.023842592592596665,12.854476993670156,7.401402417381144,1,2,7,-0.03277851902401766
S7_19,2.3133837218139655,8.222222222222305,1.254642756249499,3.3575285756198663,1.6949928861712371,1.2086725940820893,0.29166666666667235,0.07013888888888166,4.364575536241147,-0.14180288735009378,1,1,7,-0.03198362332369401
S7_20,0.44512085142453267,3.4363295880154863,0.29151970911738423,0.6206988836979975,0.24800672400724666,0.22668590433700328,0.0,0.029494382022475844,0.7530136788507582,-0.12523546044110903,1,1,7,-0.0015447356863560475
S7_21,12.571807783385438,14.576502732242295,10.30779372719069,14.926687597823904,3.688591820686442,2.655398490747336,2.581967213115081,0.0597677595628508,18.1694911587255,7.577012776475236,1,1,7,-0.0995731919200889
S7_22,5.724931340550183,5.310185185184665,4.3955243604395315,7.092829206281276,2.2250180908811403,1.511072641410641,0.4722222222223944,0.10995370370369725,8.404475052394758,2.879464889090191,1,1,7,-0.03758293989729243
S7_23,2.7072499666334364,10.173220973783602,2.0344156804002167,3.4008160941324714,1.0921040755810139,0.8119440593449944,0.1779026217229327,0.030430711610485946,4.03834078264082,0.94539332233309,1,1,7,-0.017789142406116606
S7_24,0.333796305201342,2.2545219638248515,0.2148151374566573,0.47672102153379764,0.2145977159595187,0.17951719907673633,0.0,0.058139534883725565,0.5650044184990791,-0.10249926066220255,1,2,7,-0.002211021078692119
S7_25,1.0909605581120192,4.842592592591861,0.7874103679542355,1.432482981343689,0.5156124922630395,0.4134155813128168,0.01851851851851111,0.03287037037038,1.7052449361462072,0.1589986223867295,1,2,7,-0.007356114238800103
S7_26,0.47584166847470943,2.708333333333359,0.2757591937688406,0.7012897570469161,0.3421936866039989,0.25392205069730056,0.08333333333334444,0.030787037037044992,0.8464012387037443,-0.06098939219589372,3,2,7,-0.004311517038952387
S7_27,0.2151941127926949,0.5649717514124295,0.19374027571901178,0.24093755523192673,0.03641330933771877,0.032605777253648306,0.0,0.007532956685498307,0.2633619210068927,0.13609954278529002,1,2,7,-0.00012978517850715512
S7_33,0.39697941269423687,3.9027777777775086,0.1810907300712556,0.632707328527422,0.3533903313619267,0.2815241194279044,0.0,0.042824074074076665,0.7687282097660503,-0.2824907186582192,1,2,7,-0.0037963913379261134
S7_34,0.18713202469967863,0.59523809523825,0.16900605999547144,0.21543467086428575,0.03555353535779714,0.02817906026738285,0.0,0.0,0.2373966479880357,0.13417758869431748,1,2,7,4.317150384629641e-05
S7_35,0.4150306371909281,2.8333333333337603,0.2660049587609318,0.5823150245895623,0.23975093796245725,0.20386803201504672,0.0,0.039814814814822214,0.6781714481416447,-0.0730918805811922,1,2,7,-0.0012202692231681044
S7_36,1.365466621113276,4.454225352111545,1.0636847782245675,1.7012673303402812,0.5168445794751999,0.4154312569729525,0.0586854460093662,0.023474178403754226,1.9517543283756897,0.40695603037450884,3,2,7,-0.0060740819399515
S7_37,1.7352924463418946,7.652777777778498,1.1458530417046953,2.3570220209583295,0.9490025426270238,0.7340225343395141,0.027777777777794447,0.05439814814815,2.7385350601560368,0.10147955157184098,1,2,7,-0.014142124216736036
S7_42,0.19422215498070686,2.653721682848155,0.09688913870053605,0.30671871927685623,0.16561020915660932,0.1339334277714621,0.0,0.08495145631066506,0.3592981620800098,-0.1397768634140442,3,3,7,-0.001696287523041705
S7_43,0.7585666884262177,4.7453703703702725,0.4725822824055672,1.0788568545506616,0.4729336009902647,0.38920939556273665,0.027777777777766667,0.029861111111118336,1.2331411242251265,-0.1785656346175321,3,3,7,-0.0066801530311155445
S7_48,0.15115051756792386,1.7870370370372166,0.040448770999888604,0.27573755855018006,0.18791817164058225,0.14730505318266832,0.0,0.10300925925925723,0.3382237658269557,-0.19826500846339212,1,2,7,-0.0020305883112789985
S7_5,2.411436326318027,7.075471698115258,1.9704057934252648,2.8752313912081275,0.7365214785893629,0.523806237346581,0.1257861635220818,0.05660377358492513,3.1512012450330746,1.2647652361564308,1,2,7,-0.01025732826802229
S7_6,0.6135748013667183,3.254629629629998,0.43349950890145605,0.8171533331640335,0.29706695771873093,0.2457806844824147,0.027777777777777776,0.025231481481480557,0.919930948201378,0.028575201100147298,3,2,7,-0.002668934898423302
S7_7,0.4722779629075659,4.7407407407402244,0.14044800624952877,0.83098714123779,0.5325358442377918,0.4269287022494621,0.0,0.0560185185185161,1.0651257374099496,-0.49609373834995274,1,2,7,-0.007282227841107787
S7_8,0.592744015518156,2.7481273408245226,0.3593157601942892,0.8505388995684401,0.3836475913471121,0.3350295616080066,0.009363295880146068,0.03136704119850167,1.0333873438346577,-0.20602084801327317,1,2,7,-0.005216457457318931
S7_9,1.8513883179624528,3.5763888888883058,1.6617484687214719,2.05948201309675,0.3182847431335225,0.23941518539096118,0.029761904761892857,0.015376984126992262,2.246091992384136,1.329883254935658,1,2,7,-0.004252376010166583
S8_10,6.077010685926886,12.51923076923502,3.811509687853645,8.231415453923221,3.5546372863738007,2.4491370051384536,0.9615384615388847,0.1150641025641,10.963471834019858,1.5319155418890467,3,3,8,-0.09357502996500315
S8_11,13.480397585776815,11.175925925926018,10.702460637314912,16.131604151217662,4.347639157893568,3.0436559011160775,2.851851851851852,0.05393518518518222,20.69670112879554,8.20628369156004,3,3,8,-0.15047334739027685
S8_12,-1.1618830357923207,3.2848837209304538,-2.258158718119917,-0.11533887942794627,1.738119254723813,1.1445818488006512,0.11627906976755815,0.6245155038759547,1.120914641898529,-3.246362846757747,3,2,8,-0.047763549194925425
S8_13,-0.11380270243679094,4.320512820514291,-1.1587741329255572,0.9388046971081112,1.7054889749939695,1.174905147974056,0.10256410256412307,0.20224358974358694,2.346436003360444,-2.2101865130712426,3,3,8,-0.0483346753217781
S8_14,0.6452770094795138,2.1099290780144515,0.4033748112171172,0.8992526605628635,0.3947218286235539,0.30746746160706795,0.0,0.07210401891251275,1.0362594356266248,-0.07365118269019381,3,3,8,-0.005256406239198893
S8_15,0.12617260615966006,2.1381578947375264,-0.040163242375071205,0.3139923064191599,0.2791288971586193,0.22855840425798024,0.0,0.16968201754387366,0.39594888150434837,-0.447313278725618,1,2,8,-0.003506017228387323
S8_16,0.15898032337219462,1.4490740740743553,-0.04963211663939106,0.3691704417179858,0.33184410990512286,0.25582086477731986,0.009259259259255555,0.08634259259259222,0.4753546894104806,-0.4334556790117998,1,2,8,-0.004716651892951145
S8_17,0.2501065517715759,0.5894308943092378,0.04926695007516557,0.48492765155225376,0.363835365642361,0.27752675484981193,0.010162601626012195,0.05767276422764451,0.5588290548852555,-0.3593028713326315,1,2,8,-0.004587646693834444
S8_18,-0.8324843260755513,4.10714285714299,-2.234961270424559,0.5590491412554215,2.2899235744389475,1.5194891842689358,0.22727272727281825,0.4483225108225305,2.1615619093898304,-3.595401070425297,1,1,8,-0.06117116065865099
S8_19,3.262855118959874,7.282407407404587,2.423698789701529,4.151842122734193,1.3832654129843018,1.0258419479943026,0.16666666666671676,0.19189814814811848,4.820796816039978,1.0181046560011966,1,1,8,-0.024274534961764547
S8_20,0.49999069171870464,3.1620370370373374,-0.18989443916508109,1.2100562392795242,1.1476957139153317,0.7985043580136428,0.027777777777766667,0.15972222222222002,1.6341317069847836,-1.1933807996741153,1,1,8,-0.020168990649295143
S8_21,2.4275529996276872,6.08695652173892,0.505583471225037,4.209993784719139,2.9716656120114404,2.168322447154119,0.9178743961355725,0.41274154589371814,7.710774125089432,-1.2806857826423204,1,2,8,-0.11245363660871781
S8_22,0.3150756645061173,4.518518518519282,-0.39099017782206935,1.035923587205697,1.1545423730322861,0.8088055501912398,0.10185185185188889,0.31875000000002046,1.4722249046748697,-1.4336061328239476,1,1,8,-0.020726418231101794
S8_23,0.20241634210166498,1.6007532956690682,0.0917492338401133,0.341589242406519,0.18702454859402004,0.17076499466506295,0.0,0.05320150659133221,0.4006948595559298,-0.21732801970463253,1,1,8,-0.0034490551600796894
S8_24,0.14970595642755127,2.796296296296136,-0.22579814367267267,0.5245234437981924,0.5877904701036211,0.44357655646339733,0.027777777777766667,0.13796296296294616,0.6988323114403003,-0.8563919880990127,1,1,8,-0.008492884159101608
S8_25,0.188933613009264,2.800925925926111,-0.17357456416804168,0.5566672379191754,0.5862776601307451,0.4075895202843235,0.0462962962963,0.1800925925925911,0.793851781680504,-0.6640300774038009,3,2,8,-0.011498747780144342
S8_26,0.3828065172844449,4.038461538460696,-0.20708604622858848,0.9689828182799782,0.9174429949054687,0.6859975346416466,0.044871794871807695,0.33461538461540535,1.4337488423445888,-1.0771856247900833,1,2,8,-0.02057118933062493
S8_27,0.003585320557069129,1.5277777777781558,-0.2936629680314725,0.3325511391944176,0.499561401552679,0.37378459620651044,0.0,0.32615740740740834,0.4728769619610725,-0.8609296190048583,1,2,8,-0.00778843380569682
S8_28,1.2370905926193243,3.7980769230774425,0.6931991761694872,1.7896994622490359,0.9028802328899656,0.6369970193488814,0.11752136752139744,0.16720085470084614,2.225756272481792,-0.13496093911110285,1,2,8,-0.017258751441233507
S8_29,1.289515262563592,6.162037037038191,-0.0046719113799434595,2.600453218980434,2.1525936164670125,1.4524181633258564,0.25925925925936116,0.17500000000000335,3.7087273381809784,-1.5500726237410776,1,1,8,-0.048545301089437526
S8_5,0.018283267570519835,1.0769230769234777,-0.3041366100609214,0.3761375092878984,0.5455083114884348,0.42691482070006687,0.0,0.2589743589744052,0.5280045904770692,-0.9788150601686084,1,1,8,-0.009397437999162662
S8_6,-0.20130620319359144,1.676245210728403,-0.6932680750015825,0.33782210612260344,0.8357194978439452,0.602817316910804,0.0,0.2684386973179794,0.6195550411320646,-1.4960213340914215,1,2,8,-0.014379248872849316
S8_7,-0.8187130294559408,2.1805555555558045,-1.937771958018203,0.27958480980026096,1.7728556050660864,1.2156858726421071,0.13888888888890555,0.23402777777776393,1.333331888536998,-3.1006907683914116,3,2,8,-0.04267703271639503
S8_8,0.8522298629431918,4.882352941175624,0.3109453604386842,1.3944291623365472,0.8807786152510589,0.6503979401881685,0.14705882352938238,0.19730392156864177,1.9044715326020238,-0.5088022599658781,1,2,8,-0.020434725548277178
S8_9,1.1206507643890777,9.444444444446662,0.3351933071483003,1.935818598255579,1.2638550988468218,0.9558656855058061,0.027777777777766667,0.22592592592589572,2.3741509299461687,-1.0822365992894554,1,2,8,-0.022525677912633803
S9_5,1.01697931385989,4.09722222222193,0.9105280485005333,1.1295284112308772,0.17727365511463797,0.14121800807424306,0.05555555555557778,0.004398148148149446,1.2760705968618165,0.7015482572976649,3,2,9,-0.002793326592669352
S9_6,2.13227156926,9.166666666669999,1.59140252084,2.53073761545,0.633003293516,0.638344803445,0.833333333333,0.0,3.4272421097000003,0.292163685885,3,2,9,-0.052251307063600004
S9_7,0.8613604928355595,3.509259259259035,0.6937645871582524,1.0319107753913597,0.2605545612854544,0.20234250615704236,0.06944444444444445,0.010185185185183333,1.193180902323949,0.39598034766104223,1,2,9,-0.005901081520610632
S9_8,1.371118877307066,4.375000000000265,1.0832514439680065,1.6703737755482002,0.4638736532089557,0.33494211019454717,0.07407407407413334,0.009259259259263337,1.934800336591246,0.6856294744836532,3,3,9,-0.008356904149648601
