Mean,Std,Peak,Strong_Peak,Perc20,Perc80,QuartDev,Lab_sub,Start_time,end_time,Max,Min,dataQual,derivative,SessionID,SessionLabel,SessionLabel2,SessionLabel3,Device
0.558107636896,0.027141919752,5.83333333333,0,0.534031863076,0.577149098002,0.0355758011192,8,1553598577,1553598697,0.660085923263,0.518404743437,0,-0.00232997856603,S8_1,1,1,1,A010C3
0.545685056683,0.0280191484146,4.16666666667,0,0.52382207489,0.570337044945,0.037581318474,8,1553598637,1553598757,0.647582035076,0.495222191303,0,-0.00130805672743,S8_1,1,1,1,A010C3
0.532405047535,0.0379655859289,1.66666666667,0,0.501958478807,0.569932021231,0.0528817900566,8,1553598697,1553598817,0.580786340258,0.443613322673,0,-0.00186087915659,S8_1,1,1,1,A010C3
0.472467239004,0.0661484235867,0,0,0.411993147088,0.556108703902,0.1254248467,8,1553598757,1553598877,0.579293050554,0.382676565278,0,-0.00327694142128,S8_1,1,1,1,A010C3
0.230851824338,0.471185291856,1.66666666667,0,0.322955442569,0.431228547236,0.0884158365816,8,1553598817,1553598937,0.698529711593,-1.37164276253,0.0416666666667,0.00145993258337,S8_1,1,1,1,A010C3
0.869177436326,0.180811928105,4.16666666667,0,0.850916050568,0.98151619082,0.121295297908,8,1553599177,1553599297,1.01439276428,0.265621865577,0.0416666666667,-0.00243152871106,S8_2,1,2,3,A010C3
0.902028749874,0.101974241311,5,0,0.857548447245,0.988821346867,0.104017904512,8,1553599237,1553599357,1.04955900109,0.626653331192,0.0416666666667,0.00049617154236,S8_2,1,2,3,A010C3
1.01289097173,0.16526505272,10,0,0.90844979086,1.17952732173,0.166079287042,8,1553599297,1553599417,1.24433973835,0.632649416849,0.0416666666667,0.00230268105876,S8_2,1,2,3,A010C3
1.13337691952,0.0863235631322,12.5,0,1.0487747221,1.21750543498,0.14356478119,8,1553599357,1553599477,1.30631965459,0.979762177169,0,0.00142925629924,S8_2,1,2,3,A010C3
1.14016655199,0.0970514299522,10.8333333333,0,1.05784575035,1.22993927652,0.115113723961,8,1553599417,1553599537,1.38117594421,0.953685116304,0,-0.000681964115816,S8_2,1,2,3,A010C3
1.34800906258,0.269844177885,14.1666666667,0,1.09429107823,1.62141581,0.390741578425,8,1553599477,1553599597,1.98617030413,1.03237257741,0,0.0118286497087,S8_2,1,2,3,A010C3
1.61280813608,0.426230505444,18.3333333333,0,1.2548051416,1.97572940168,0.588306872563,8,1553599537,1553599657,2.6588302496,0.90691731039,0,0.0203567057817,S8_2,1,2,3,A010C3
2.71554061516,1.155339999,19.1666666667,0,1.44083699876,3.84980681336,1.92762663414,8,1553599597,1553599717,4.5856472643,0.818133451307,0.0833333333333,0.0401150663563,S8_2,1,2,3,A010C3
4.27685750358,0.720507924475,18.3333333333,0,3.55265521036,5.13757438144,0.982978286688,8,1553599657,1553599777,5.42284270767,3.02543987262,0,0.017109047561,S8_2,1,2,3,A010C3
5.21987442435,0.563579240296,15.8333333333,0,4.76730419427,5.73694119327,0.899417516918,8,1553599717,1553599837,5.82149227303,3.82702423655,0,0.0174836784956,S8_2,1,2,3,A010C3
5.50044681361,0.308101939531,15.8333333333,0,5.19924496079,5.7495601012,0.407188254502,8,1553599777,1553599897,5.85363235983,4.80164421874,0,-0.00477131637651,S8_2,1,2,3,A010C3
5.7739418718,0.482456715068,15,0,5.23538649633,6.26296642932,0.862459222799,8,1553599837,1553599957,6.30837072474,4.821292181,0,0.00596614834768,S8_2,1,2,3,A010C3
6.28279574522,0.131918693163,13.3333333333,0,6.1920067429,6.41518057606,0.1247347006,8,1553599897,1553600017,6.51264499123,6.00843328963,0,0.00680174120439,S8_2,1,2,3,A010C3
5.90421811301,0.900032864422,12.5,0,5.49963096027,6.47114093467,0.758638357743,8,1553599957,1553600077,6.70041018332,3.53714187037,0,-0.0384260183435,S8_2,1,2,3,A010C3
4.48684308102,1.25895014179,11.6666666667,0,3.4050878998,5.99434647619,2.19681302309,8,1553600017,1553600137,6.76266806286,2.84372644921,0,-0.0578700363287,S8_2,1,2,3,A010C3
2.9054545013,0.397463118513,3.33333333333,0,2.50762211931,3.35264151313,0.784361065767,8,1553600257,1553600377,3.80525458088,2.40452571633,0,-0.0201252801991,S8_3,1,1,2,A010C3
2.47182406188,0.211899263775,2.5,0,2.31664829757,2.61094206354,0.204250927547,8,1553600317,1553600437,3.286182107,2.12823937536,0,-0.0192990455273,S8_3,1,1,2,A010C3
2.2013299143,0.200723759163,1.66666666667,0,2.01108370086,2.41739854741,0.3417212961,8,1553600377,1553600497,2.54389754853,1.88760596887,0,-0.0109036912691,S8_3,1,1,2,A010C3
1.90963803062,0.153344811446,0.833333333333,0,1.76284263701,2.07909363598,0.257083176019,8,1553600437,1553600557,2.1994895577,1.66956035121,0,-0.00883215344134,S8_3,1,1,2,A010C3
1.63213598759,0.176794137084,1.66666666667,0,1.48352505722,1.81626962481,0.275668567679,8,1553600497,1553600617,1.88687104552,1.28062551562,0,-0.00645215667294,S8_3,1,1,2,A010C3
1.47610710192,0.242584069621,6.66666666667,0.833333333333,1.24313565642,1.74038997549,0.380047721104,8,1553600737,1553600857,1.94334680256,0.964859433115,0,-0.0163081228241,S8_4,1,1,0,A010C3
1.50146476336,0.240262450713,10.8333333333,0,1.2963210991,1.672088348,0.266831226497,8,1553600797,1553600917,2.04918151709,0.997121827686,0.0416666666667,0.000335357492489,S8_4,1,1,0,A010C3
1.48127538715,0.523148956979,10,0,1.4133195892,1.82656787152,0.33925263538,8,1553600857,1553600977,2.04156881558,-0.110675618606,0,-0.0314788747251,S8_4,1,1,0,A010C3
1.5057375982,0.716361204489,9.16666666667,0,0.714851261551,2.10184512048,1.05465573325,8,1553600917,1553601037,2.63120189731,0.0449316479422,0.125,-0.0004288987757,S8_4,1,1,0,A010C3
0.781164098586,0.137634917352,3.33333333333,0,0.634619424313,0.919954339344,0.248465554358,7,1553260257,1553260377,1.08777945081,0.578234864492,0,-0.00849240977198,S7_1,3,2,1,A010C3
0.577586805401,0.117691642271,1.66666666667,0,0.500291472743,0.664420012249,0.138522936009,7,1553260317,1553260437,0.899409493329,0.164097849936,0,-0.0122551940565,S7_1,3,2,1,A010C3
0.474009765818,0.0777424157541,0.833333333333,0,0.438017578002,0.533956797246,0.0788341451017,7,1553260377,1553260497,0.578399842506,0.221174209823,0,-0.00243493495292,S7_1,3,2,1,A010C3
0.415601477582,0.0614346896274,1.66666666667,0,0.371824093483,0.47746415067,0.080416158556,7,1553260437,1553260557,0.556294671051,0.297235305828,0,-0.00059932815722,S7_1,3,2,1,A010C3
0.339533233369,0.0654318880757,2.5,0,0.295916259683,0.394580064889,0.0933341265313,7,1553260497,1553260617,0.411420936741,0.162567928997,0,-0.00134624089732,S7_1,3,2,1,A010C3
0.412622046561,0.014837136966,4.16666666667,0,0.399739215304,0.430166357521,0.024211486957,7,1553261037,1553261157,0.44286417694,0.390442157863,0,0.000380836329531,S7_2,3,2,3,A010C3
0.465055623247,0.0515350093147,4.16666666667,0,0.421705718506,0.518905992372,0.0763101385139,7,1553261097,1553261217,0.565623622849,0.391717160963,0,0.0017657053367,S7_2,3,2,3,A010C3
0.531854495264,0.035601233571,4.16666666667,0,0.485275765585,0.561494054704,0.0558191592193,7,1553261157,1553261277,0.582286712124,0.457674689835,0,0.00181857916271,S7_2,3,2,3,A010C3
0.513155838686,0.0703942689972,6.66666666667,0,0.475476212663,0.560354092561,0.0701760348625,7,1553261217,1553261337,0.583161599715,0.300297485043,0,-2.64195580799E-05,S7_2,3,2,3,A010C3
0.605448550031,0.195573927317,13.3333333333,0,0.471036993655,0.767706440638,0.231911539398,7,1553261277,1553261397,1.0970686576,0.302145644008,0,0.00885054848446,S7_2,3,2,3,A010C3
0.977068605533,0.284453079314,20,0,0.686475397613,1.26941705982,0.509481182557,7,1553261337,1553261457,1.5910917498,0.514573482095,0,0.0166752899704,S7_2,3,2,3,A010C3
1.66335751412,0.503278541607,20,0,1.16916762806,2.30909086225,0.932283684227,7,1553261397,1553261517,2.41972120904,0.926288294908,0,0.0194602093866,S7_2,3,2,3,A010C3
2.36852150994,0.330359100084,18.3333333333,0,2.13864434304,2.73711142172,0.441701542224,7,1553261457,1553261577,2.90507946198,1.71143786806,0,0.0160661113707,S7_2,3,2,3,A010C3
2.47411361294,0.674122529074,15.8333333333,0,2.2430606647,2.92336058654,0.563862843385,7,1553261517,1553261637,3.24636492821,0.548876131979,0.0416666666667,0.000329261545288,S7_2,3,2,3,A010C3
2.77076775401,0.766753518715,14.1666666667,0,2.48270394529,3.27578558609,0.499610451288,7,1553261577,1553261697,3.48863356078,0.636556998799,0,0.00366296601605,S7_2,3,2,3,A010C3
3.39006352875,0.184423702113,14.1666666667,0,3.19105821984,3.55019480245,0.308508309297,7,1553261637,1553261757,3.72812674917,3.06566137698,0,0.00815333432416,S7_2,3,2,3,A010C3
3.73321605211,0.190484800895,16.6666666667,0,3.53318228447,3.90083067371,0.337705483178,7,1553261697,1553261817,4.1843187325,3.49124991881,0,0.00864293677083,S7_2,3,2,3,A010C3
4.11551037244,0.222984770296,15.8333333333,0,3.87058247006,4.33323357044,0.434659091721,7,1553261757,1553261877,4.52827386168,3.79977021872,0,0.0102336745318,S7_2,3,2,3,A010C3
4.35303750842,0.135268664641,11.6666666667,0,4.2450667172,4.51398056443,0.241232871241,7,1553261817,1553261937,4.56055074569,3.91838800667,0,-0.00727609974933,S7_2,3,2,3,A010C3
3.93456877651,0.522591483911,9.16666666667,0,3.34887439952,4.50938259639,1.05426708014,7,1553261877,1553261997,4.63764540064,3.05790458647,0,-0.0218407346602,S7_2,3,2,3,A010C3
1.18906561591,0.185745831252,0,0,0.994778401706,1.39240579438,0.329523915283,7,1553262177,1553262297,1.54611888455,0.926621646862,0,-0.0103249539614,S7_4,1,1,0,A010C3
0.917642028406,0.131131688849,0,0,0.779094573525,1.04601886125,0.223853190866,7,1553262237,1553262357,1.1655955349,0.699497667888,0,-0.00776829778349,S7_4,1,1,0,A010C3
0.720761072944,0.100212640713,0.833333333333,0,0.624859097764,0.823634077781,0.157088731483,7,1553262297,1553262417,0.923544607698,0.573007572794,0,-0.00584228391506,S7_4,1,1,0,A010C3
0.580769243987,0.0635317286278,1.66666666667,0,0.509375208024,0.658898495779,0.123977237192,7,1553262357,1553262477,0.699119790453,0.482179630794,0,-0.00361566932764,S7_4,1,1,0,A010C3
0.51898933107,0.020960543429,0.833333333333,0,0.500310252209,0.537299375688,0.0298248275649,7,1553262417,1553262537,0.571758596394,0.484883848828,0,-0.00144791245943,S7_4,1,1,0,A010C3
1.62439310674,0.691506093935,12.5,0,0.974187716947,2.17461898031,1.00112550998,7,1553262597,1553262717,2.86806997439,0.429839955271,0,0.0339574255244,S7_3,1,2,2,A010C3
2.34539727771,0.595455564029,15.8333333333,0,1.76373280425,2.7892379125,0.791995476846,7,1553262657,1553262777,3.3309580134,1.07353308987,0,-0.00550978420446,S7_3,1,2,2,A010C3
2.82955594664,0.288163843841,19.1666666667,0,2.63711659051,2.96173283746,0.281447717142,7,1553262717,1553262837,3.82514817449,2.30001235332,0,-0.0144447847,S7_3,1,2,2,A010C3
2.99032937159,0.275820969553,19.1666666667,0,2.89383912742,3.23366583653,0.246684726268,7,1553262777,1553262897,3.410023871,2.27596814245,0,0.00651407957247,S7_3,1,2,2,A010C3
3.30507716666,0.181926342158,15.8333333333,0,3.06675774779,3.47065309538,0.304107532851,7,1553262837,1553262957,3.54623194354,2.98606956408,0,0.00589810788646,S7_3,1,2,2,A010C3
3.41038991085,0.286353335125,12.5,0,3.27419933826,3.6480579183,0.303721463858,7,1553262897,1553263017,3.73175990702,2.58119052142,0,0.00269203405637,S7_3,1,2,2,A010C3
3.45775657082,0.332798783976,15,0,3.2328827898,3.68857545512,0.334410397813,7,1553262957,1553263077,3.97625057394,2.48467583028,0.0416666666667,-0.00245046850889,S7_3,1,2,2,A010C3
3.72540352403,0.3941884894,12.5,0,3.41053243176,4.11395693041,0.560220236567,7,1553263017,1553263137,4.27969068232,2.29698322301,0,-0.0270972286475,S7_3,1,2,2,A010C3
3.58153692316,0.628884340282,9.16666666667,0,2.99483647907,4.18607055442,0.901737549977,7,1553263077,1553263197,4.33181924809,2.09875915885,0,-0.0124094570208,S7_3,1,2,2,A010C3
0.306646513118,0.00957591622901,0,0,0.301856022905,0.315095653679,0.00975355553386,14,1556618816.25,1556618936.25,0.322410616847,0.273268704333,0,-0.000819031875228,S14_1,1,1,1,A010C3
0.28978746053,0.0130762643066,0,0,0.280173411598,0.303947664348,0.0213592232774,14,1556618876.25,1556618996.25,0.307158745208,0.259884121885,0,-0.000403906266937,S14_1,1,1,1,A010C3
0.283775285321,0.0123772167349,0.833333333333,0,0.273892517613,0.287701990055,0.00905988795809,14,1556618936.25,1556619056.25,0.317175335971,0.260731195474,0,0.000600101153825,S14_1,1,1,1,A010C3
0.305982368515,0.0212181790446,0.833333333333,0,0.285632083313,0.324639737571,0.0378029012784,14,1556618996.25,1556619116.25,0.329170681003,0.266299192374,0,0.000737157728348,S14_1,1,1,1,A010C3
0.325465997647,0.0246583617548,0.833333333333,0,0.30249584934,0.328725356575,0.017174281628,14,1556619056.25,1556619176.25,0.389388579073,0.293048647491,0,0.00118535053104,S14_1,1,1,1,A010C3
1.42509194433,0.086587320196,0,0,1.35748983907,1.51878190766,0.139192427793,14,1556619476.25,1556619596.25,1.63904608088,1.32173409568,0,-0.00460908858558,S14_2,1,2,3,A010C3
1.19742180041,0.311001662116,1.66666666667,0,1.14263741752,1.36664528256,0.107479619206,14,1556619536.25,1556619656.25,1.41281275582,0.25270865854,0,0.000446486593478,S14_2,1,2,3,A010C3
1.18989983777,0.309799521352,3.33333333333,0,1.09087580419,1.41103826154,0.168561878001,14,1556619596.25,1556619716.25,1.46217521451,0.306681008607,0.0833333333333,0.0011324779694,S14_2,1,2,3,A010C3
1.36819534343,0.0696131237391,1.66666666667,0,1.3144582998,1.42864201319,0.0979995495467,14,1556619656.25,1556619776.25,1.45829498754,1.22438235738,0,-0.00026776434382,S14_2,1,2,3,A010C3
1.37250762408,0.0413631668727,1.66666666667,0,1.32779318265,1.40063705371,0.0690749148882,14,1556619716.25,1556619836.25,1.4769132274,1.2912757305,0,-0.00309395828162,S14_2,1,2,3,A010C3
1.26617830793,0.109756251141,3.33333333333,0,1.13864457904,1.38456771492,0.203971613092,14,1556619776.25,1556619896.25,1.40600315738,1.0721485489,0,-0.0038348701159,S14_2,1,2,3,A010C3
1.15924609077,0.0641623610336,2.5,0,1.11650570269,1.1668160531,0.0407306636472,14,1556619836.25,1556619956.25,1.33847579002,1.07171161111,0.0416666666667,-0.00374322264298,S14_2,1,2,3,A010C3
1.08645771836,0.0611083860903,2.5,0,1.01959862095,1.15562992395,0.132140397277,14,1556619896.25,1556620016.25,1.17486888097,1.0133426789,0,-0.00249463512982,S14_2,1,2,3,A010C3
1.01964054379,0.0205281308669,3.33333333333,0,1.00101227261,1.03262783279,0.0175326807002,14,1556619956.25,1556620076.25,1.08396821991,0.982393099401,0,-0.00110141029505,S14_2,1,2,3,A010C3
1.00676087408,0.0188446102981,1.66666666667,0,0.98625309988,1.02040909303,0.0293618786069,14,1556620016.25,1556620136.25,1.03687139263,0.965668408027,0,-0.00110480346329,S14_2,1,2,3,A010C3
0.990455945591,0.0204844077532,1.66666666667,0,0.970678617274,1.0164224606,0.0423091870085,14,1556620076.25,1556620196.25,1.02066294835,0.95565063662,0,-0.000953917772904,S14_2,1,2,3,A010C3
0.962485257969,0.0238728706071,1.66666666667,0,0.940761067927,0.983476754319,0.0363705730426,14,1556620136.25,1556620256.25,1.00900075381,0.920197359244,0,0.000541539879469,S14_2,1,2,3,A010C3
0.967497354261,0.0563515011427,1.66666666667,0,0.925952155479,1.02606337751,0.0902391429609,14,1556620196.25,1556620316.25,1.09384230257,0.862479725986,0,0.000936581745363,S14_2,1,2,3,A010C3
0.96300873528,0.0902419416477,2.5,0,0.889740164383,1.04431852312,0.121383583664,14,1556620256.25,1556620376.25,1.0934460773,0.74465925816,0,-0.00133716327467,S14_2,1,2,3,A010C3
0.897225970622,0.100248893751,1.66666666667,0,0.799508668502,0.940012887027,0.1018938461,14,1556620316.25,1556620436.25,1.08069098691,0.721266565687,0,-0.00257472638282,S14_2,1,2,3,A010C3
0.840612574526,0.0934249879797,1.66666666667,0,0.795398335107,0.89528216658,0.0716392561829,14,1556620496.25,1556620616.25,0.910149983915,0.561693325755,0,0.000145388449718,S14_3,1,1,2,A010C3
0.837445459024,0.0760772788367,3.33333333333,0,0.737034893971,0.895374282247,0.136462658327,14,1556620556.25,1556620676.25,0.909812897623,0.690336791766,0.0416666666667,0.000161748552063,S14_3,1,1,2,A010C3
0.752280763278,0.167261767282,4.16666666667,0,0.694598187128,0.883455825503,0.156651294698,14,1556620616.25,1556620736.25,0.895086931552,0.269604441214,0,-0.00585863440231,S14_3,1,1,2,A010C3
0.75516401298,0.177987460257,2.5,0,0.728845190812,0.869986096931,0.103163876604,14,1556620676.25,1556620796.25,0.914865187268,0.187809015135,0.0416666666667,0.000946235520989,S14_3,1,1,2,A010C3
0.811140593398,0.0625562100662,1.66666666667,0,0.767289989968,0.878627671839,0.0973193977834,14,1556620736.25,1556620856.25,0.915181812682,0.663218067157,0,-0.0039709954114,S14_3,1,1,2,A010C3
2.90560723485,1.7988047182,15.8333333333,0,1.51081957846,4.11881340802,1.50369001541,14,1556620976.25,1556621096.25,4.49758745987,-1.51333962522,0,-0.00833733142298,S14_4,1,1,0,A010C3
2.62956147353,1.91102238297,18.3333333333,0,0.939852523354,4.17881046698,2.60410177898,14,1556621036.25,1556621156.25,5.635292933,-1.512163283,0.25,-0.0206069421055,S14_4,1,1,0,A010C3
9.24093424793,6.08090216921,20.8333333333,0,3.86508864885,15.978027693,7.30127075141,14,1556621096.25,1556621216.25,21.1526181588,1.94080375053,0,0.229848284451,S14_4,1,1,0,A010C3
15.2640618733,3.64521476522,15,0.833333333333,11.339351212,18.8604987066,7.18474885732,14,1556621156.25,1556621276.25,19.3954621076,9.37177715151,0.0416666666667,-0.0412084753008,S14_4,1,1,0,A010C3
0.305599932506,0.192808255006,0.833333333333,0,0.155348898774,0.525192948779,0.346755686476,4,1553245475.25,1553245595.25,0.587298024451,-0.028416385131,0,-0.00726008722928,S4_1,1,1,1,A010C3
0.120013111028,0.0902752599858,0,0,0.0590439931871,0.170695489887,0.0946585173499,4,1553245535.25,1553245655.25,0.540843775041,-0.0518372871551,0,-0.00747524578482,S4_1,1,1,1,A010C3
0.085177369071,0.0233905639803,0,0,0.0658728704036,0.0932029559592,0.0217135375545,4,1553245595.25,1553245715.25,0.149920756133,0.0436670470244,0,-0.000826361800917,S4_1,1,1,1,A010C3
0.0708308992105,0.0527785513219,1.66666666667,0,0.0688825081897,0.0925346628482,0.0156774858706,4,1553245655.25,1553245775.25,0.186525561624,-0.123389573339,0.0833333333333,0.00159948841079,S4_1,1,1,1,A010C3
0.532792556226,0.019398517538,0,0,0.515990387738,0.550513057641,0.0314110066192,4,1553246015.25,1553246135.25,0.559173522866,0.487146287268,0,0.00115216173365,S4_2,1,2,3,A010C3
0.553887642941,0.00910813160664,0,0,0.548112424445,0.559110038047,0.00803590456374,4,1553246075.25,1553246195.25,0.570049073519,0.534230686232,0,0.000548814931462,S4_2,1,2,3,A010C3
0.228601580913,0.353027562181,0,0,-0.0123904616641,0.55494142059,0.560457050124,4,1553246135.25,1553246255.25,0.575294824171,-0.570085576429,0,-0.00931774490333,S4_2,1,2,3,A010C3
-0.0442920376845,0.165482077729,0,0,-0.0139237449011,0.000487796465503,0.00969128146231,4,1553246195.25,1553246315.25,0.527778917926,-0.609566547903,0.0833333333333,-0.00881514863857,S4_2,1,2,3,A010C3
-0.0694651960868,0.119758632082,0.833333333333,0,-0.139220882059,-0.00142073325239,0.0856048459536,4,1553246255.25,1553246375.25,0.00659420349669,-0.585231462216,0,-0.00986376109521,S4_2,1,2,3,A010C3
-0.0128141897295,0.651206248734,5.83333333333,0,-0.502723609621,0.88996793077,0.880277398432,4,1553246315.25,1553246435.25,1.10211316271,-1.20578617562,0.416666666667,0.0186471009651,S4_2,1,2,3,A010C3
1.06007439135,1.12960170315,11.6666666667,0,0.00366509606604,2.23396786851,1.26057548126,4,1553246375.25,1553246495.25,2.76127824473,-1.2404524801,0,0.0442773683564,S4_2,1,2,3,A010C3
0.497203058551,1.90990774372,10,0,-1.75221381563,2.29000233702,3.04353562684,4,1553246435.25,1553246555.25,2.70607734733,-3.3720439415,0.291666666667,-0.0692687890965,S4_2,1,2,3,A010C3
-1.0021298124,1.66685083804,3.33333333333,0,-2.59943330884,0.0023633548951,2.31508971628,4,1553246495.25,1553246615.25,2.79768168846,-3.89503304474,0,-0.0844763911776,S4_2,1,2,3,A010C3
-0.578357994057,0.733858389754,2.5,0,-1.1518838345,-0.0424373332396,0.7338190175,4,1553246555.25,1553246675.25,0.584373992963,-2.71005164859,0.5,-0.00958643207937,S4_2,1,2,3,A010C3
0.403372222181,0.569516479858,5.83333333333,0,-0.0874545889024,0.972700459808,1.00722619538,4,1553246615.25,1553246735.25,1.03568567855,-0.723232309681,0,0.0164596873748,S4_2,1,2,3,A010C3
1.01915577213,0.0889629405781,5.83333333333,0,0.935677534472,1.12354877225,0.132600355856,4,1553246675.25,1553246795.25,1.14982615095,0.842861030571,0,0.00477003133924,S4_2,1,2,3,A010C3
1.09350928749,0.0283815726812,4.16666666667,0,1.07294461342,1.12389573791,0.0436345153779,4,1553246735.25,1553246855.25,1.1498165556,1.04379147587,0,0.000988695321127,S4_2,1,2,3,A010C3
1.1314493954,0.0520983023373,3.33333333333,0,1.0805672716,1.18138985357,0.0859548677552,4,1553246795.25,1553246915.25,1.24405809758,1.07381443835,0,0.00187429301815,S4_2,1,2,3,A010C3
-0.395957728131,1.73086695247,4.16666666667,0,-2.45426922915,1.16941420391,3.28865024066,4,1553246855.25,1553246975.25,1.24439847725,-3.716922364,0,-0.0670871143456,S4_2,1,2,3,A010C3
1.01315523422,0.730123420094,2.5,0,1.11721131057,1.36239336701,0.153069013484,4,1553247095.25,1553247215.25,1.44881670656,-1.39502178892,0,0.00399483938904,S4_3,1,1,2,A010C3
1.01619773178,0.753607141047,1.66666666667,0,1.07247517832,1.36382969516,0.071569774754,4,1553247155.25,1553247275.25,1.48616140456,-1.43132922362,0.0833333333333,-0.00165548007098,S4_3,1,1,2,A010C3
1.260964194,0.0892358597986,0,0,1.15737167902,1.35032562096,0.16492318476,4,1553247215.25,1553247335.25,1.37658762403,1.09830657105,0,-0.00463801754969,S4_3,1,1,2,A010C3
1.11004226643,0.0863010240634,0,0,1.03494798388,1.1996654337,0.136447503977,4,1553247275.25,1553247395.25,1.28470247051,0.962890186743,0,-0.00536353806271,S4_3,1,1,2,A010C3
0.660836747103,0.618298602889,0,0,-0.0407776063839,1.04481007575,0.400564569881,4,1553247335.25,1553247455.25,1.10376239137,-0.897330687694,0,-0.0187424499764,S4_3,1,1,2,A010C3
-0.940453535603,0.977895664069,0,0,-2.11804289369,-0.113017437791,1.1339012593,4,1553247515.25,1553247635.25,0.0045776274399,-3.03499527795,0.875,-0.0382661699346,S4_4,1,2,0,A010C3
-2.46996686152,1.45155696763,1.66666666667,0,-3.55311553552,-1.15616684217,1.96404465937,4,1553247575.25,1553247695.25,0.084790431061,-5.65395679412,0,-0.0647902591423,S4_4,1,2,0,A010C3
-2.36441214679,1.262110589,5.83333333333,0,-3.19421974406,-1.22208750862,1.52319082596,4,1553247635.25,1553247755.25,0.151290230809,-5.37988350012,0.875,-0.0371539674383,S4_4,1,2,0,A010C3
-2.45411463433,1.35337421388,5,0.833333333333,-3.06591205055,-1.46902858999,1.22802850189,4,1553247695.25,1553247815.25,0.262007585247,-5.79621349149,0,-0.100415408351,S4_4,1,2,0,A010C3
-2.95736834296,1.56573132202,4.16666666667,0.833333333333,-4.2683413855,-1.59209467319,2.48059396885,4,1553247755.25,1553247875.25,0.638345643592,-6.02384603618,0.875,-0.0838095317767,S4_4,1,2,0,A010C3
2.34864968912,0.366135488476,0.833333333333,0,1.94336950866,2.68595005891,0.619529846854,6,1553257282.25,1553257402.25,2.9379402004,1.67193746104,0,-0.0163684443905,S6_1,1,1,1,A010C3
1.71529634265,0.37379369995,0,0,1.33851846202,2.10042108596,0.617983874745,6,1553257342.25,1553257462.25,2.42978457727,1.14831996197,0,-0.0213577435883,S6_1,1,1,1,A010C3
1.17775913474,0.247719381201,0,0,0.927592047344,1.4301290141,0.446776200601,6,1553257402.25,1553257522.25,1.66933551536,0.812869112193,0,-0.0142744400528,S6_1,1,1,1,A010C3
0.822325204827,0.1617297137,0,0,0.655711308611,0.973139064541,0.266073148737,6,1553257462.25,1553257582.25,1.14768492748,0.574976790957,0,-0.00954513560866,S6_1,1,1,1,A010C3
0.540922023365,0.0973494974584,0,0,0.415336331498,0.620755198277,0.178331780877,6,1553257762.25,1553257882.25,0.660592162429,0.372627841685,0,0.00475297258492,S6_2,3,3,3,A010C3
0.637941276348,0.0301027884934,0,0,0.606584960328,0.667002382113,0.0522344560714,6,1553257822.25,1553257942.25,0.681737354741,0.582668388701,0,0.000306038048507,S6_2,3,3,3,A010C3
0.629755538637,0.0397195390614,0,0,0.579788889965,0.667566219976,0.0673077559583,6,1553257882.25,1553258002.25,0.679431491092,0.561816299444,0,-0.00164500557395,S6_2,3,3,3,A010C3
0.629482698838,0.0964313371745,2.5,0,0.575148739333,0.634756778751,0.0350460265939,6,1553257942.25,1553258062.25,1.00663138698,0.56549807959,0,0.0061919525197,S6_2,3,3,3,A010C3
1.39643534611,0.822849817561,13.3333333333,0,0.594736348001,2.46554137529,1.48700014059,6,1553258002.25,1553258122.25,2.74230400855,0.561631546648,0,0.0347495517427,S6_2,3,3,3,A010C3
2.20762110907,0.376926081029,19.1666666667,0,1.97312957288,2.59048399331,0.509547527803,6,1553258062.25,1553258182.25,2.75175466746,1.3093991244,0,0.01225405274,S6_2,3,3,3,A010C3
2.3666941049,0.20355034489,18.3333333333,0,2.14657457384,2.57198619263,0.347510016047,6,1553258122.25,1553258242.25,2.93981076743,2.07609064917,0,-0.00517945202035,S6_2,3,3,3,A010C3
2.5002496771,0.125317781955,20,0,2.37765092498,2.63154317303,0.213219452671,6,1553258182.25,1553258302.25,2.75264764983,2.25587030702,0,-0.00325258845859,S6_2,3,3,3,A010C3
2.82223971741,0.346168224255,20,0,2.48579899431,3.25357384617,0.696930307095,6,1553258242.25,1553258362.25,3.422748185,2.35289955769,0,0.00340624146729,S6_2,3,3,3,A010C3
3.116649755,0.172951486304,16.6666666667,0,2.95235748121,3.26977463867,0.272837776899,6,1553258302.25,1553258422.25,3.42562372451,2.75449044301,0,0.000656531054672,S6_2,3,3,3,A010C3
3.16048322244,0.294607602964,12.5,0,2.93624484069,3.4794553375,0.415488352248,6,1553258362.25,1553258482.25,3.67162435442,2.51520375834,0,-0.00111555542684,S6_2,3,3,3,A010C3
3.46106885286,0.404035082963,11.6666666667,0,3.29382226513,3.82203163935,0.475509395686,6,1553258422.25,1553258542.25,3.93264737229,2.41598736027,0,-0.000947653356597,S6_2,3,3,3,A010C3
3.52287720177,0.315998829707,10.8333333333,0,3.23183132715,3.8731470429,0.584972681258,6,1553258482.25,1553258602.25,4.19641567363,3.05525250186,0,-0.00558119302413,S6_2,3,3,3,A010C3
3.6798100699,0.351914380997,10.8333333333,0,3.2742125323,4.01481327815,0.709866489168,6,1553258542.25,1553258662.25,4.11426759468,3.08009921371,0,0.00412000495347,S6_2,3,3,3,A010C3
3.83526015318,0.217207969854,9.16666666667,0,3.57611807082,4.03780433452,0.410116766128,6,1553258602.25,1553258722.25,4.19966091306,3.47675280127,0,-0.0120484685298,S6_2,3,3,3,A010C3
2.54079188681,0.287276411942,0.833333333333,0,2.23832989232,2.83515031206,0.493348603718,6,1553258782.25,1553258902.25,3.02366208281,2.0624074005,0,-0.0160209113717,S6_3,1,1,2,A010C3
2.07971762339,0.241680731229,0,0,1.83819801437,2.34169510284,0.419627651191,6,1553258842.25,1553258962.25,2.52793389976,1.69048799864,0,-0.0139574316854,S6_3,1,1,2,A010C3
1.69988057796,0.196865735755,0,0,1.48943794746,1.90494864769,0.346858085232,6,1553258902.25,1553259022.25,2.06518460533,1.38824565176,0,-0.0112823158929,S6_3,1,1,2,A010C3
1.39547094691,0.155462123548,0,0,1.23739788431,1.55617315762,0.263594049056,6,1553258962.25,1553259082.25,1.69051314817,1.14492805669,0,-0.00909308485802,S6_3,1,1,2,A010C3
1.16050443689,0.119767116373,0,0,1.04551667756,1.28544711671,0.195862375439,6,1553259022.25,1553259142.25,1.3909622274,0.967858948658,0,-0.00705172131239,S6_3,1,1,2,A010C3
1.80616245809,0.843212903834,19.1666666667,0,1.48620473876,2.52890269953,0.792141814063,6,1553259202.25,1553259322.25,3.14179300855,-0.223915425002,0,0.0266168886082,S6_4,1,1,0,A010C3
2.40342649223,0.546150114668,20,0,1.87381576044,2.79041443886,0.790019850941,6,1553259262.25,1553259382.25,3.7171502693,1.55512379033,0,-0.0182130525542,S6_4,1,1,0,A010C3
2.91929159176,0.468178484521,21.6666666667,0,2.55486862184,3.32293206987,0.672300653577,6,1553259322.25,1553259442.25,3.73658757605,1.9494090488,0,0.000865527891613,S6_4,1,1,0,A010C3
3.43884824852,0.549675695557,16.6666666667,0,3.02023515452,3.99786614764,0.784878751817,6,1553259382.25,1553259502.25,4.34259661826,2.17509327499,0,0.0033738162759,S6_4,1,1,0,A010C3
3.65323560013,0.604136171215,16.6666666667,0,3.13887601626,4.20530525576,0.863942529471,6,1553259442.25,1553259562.25,4.41008472075,2.18003133594,0.125,-0.0335484680738,S6_4,1,1,0,A010C3
0.273193202661,0.0820026780895,0.833333333333,0,0.188030187098,0.357500971491,0.137522552468,10,1553850844.5,1553850964.5,0.441861423058,0.150708590676,0,-0.00485254720637,S10_1,1,2,1,A010C3
0.163035679416,0.0524004460463,0,0,0.112693669481,0.214419510283,0.0822144170425,10,1553850904.5,1553851024.5,0.277995917626,0.0959649649211,0,-0.00303384921174,S10_1,1,2,1,A010C3
0.102714837413,0.0209766531222,0,0,0.0830049469252,0.12419925944,0.0341880831696,10,1553850964.5,1553851084.5,0.149678114853,0.0793648609806,0,-0.00117188756455,S10_1,1,2,1,A010C3
0.0811359656289,0.00548176545479,0,0,0.0763902407766,0.085549638825,0.00685210810806,10,1553851024.5,1553851144.5,0.0945844567328,0.0749281155496,0,-0.000327605686387,S10_1,1,2,1,A010C3
0.0733339953883,0.00570495018588,0,0,0.0706983143725,0.0769465144597,0.00291038307136,10,1553851084.5,1553851204.5,0.0799899163416,0.0590713663825,0,-0.000345823010522,S10_1,1,2,1,A010C3
0.663098766775,0.041988141669,2.5,0,0.623884276056,0.710999643069,0.0703888355096,10,1553851744.5,1553851864.5,0.7410229131,0.603327324235,0,-0.000564360710694,S10_2,3,2,3,A010C3
0.65522839654,0.0311368702952,2.5,0,0.627395093285,0.68934795181,0.0506138056419,10,1553851804.5,1553851924.5,0.703710303644,0.588143414051,0,0.000779833999054,S10_2,3,2,3,A010C3
0.76058822773,0.0860266754501,5,0,0.683688118313,0.85713046642,0.159713341302,10,1553851864.5,1553851984.5,0.921764703794,0.658080502684,0,0.00379382757098,S10_2,3,2,3,A010C3
1.01125165858,0.261877766676,15,0,0.824223229997,1.15020984634,0.251062896238,10,1553851924.5,1553852044.5,1.56407376823,0.694832377798,0.0416666666667,0.0144873565073,S10_2,3,2,3,A010C3
1.65226345644,0.540715439762,21.6666666667,0,1.04843628335,2.19196977296,1.02893739103,10,1553851984.5,1553852104.5,2.63634129196,0.765304706135,0,0.028354010727,S10_2,3,2,3,A010C3
2.4356880508,0.373311507227,20,0,2.09010541382,2.80092427147,0.675210596973,10,1553852044.5,1553852164.5,3.03943912958,1.67462509477,0,0.0175167908087,S10_2,3,2,3,A010C3
2.96135912127,0.22587858935,14.1666666667,0,2.75704301668,3.16090058557,0.340056157082,10,1553852104.5,1553852224.5,3.40190809514,2.52762228661,0,0.00519879367326,S10_2,3,2,3,A010C3
3.09087720333,0.286545453775,11.6666666667,0,2.98485052639,3.30597011281,0.264450671971,10,1553852164.5,1553852284.5,3.40032906574,2.16981278107,0,-0.00282753899892,S10_2,3,2,3,A010C3
3.02884558908,0.277307862712,14.1666666667,0,2.86231647645,3.29632090018,0.30440823839,10,1553852224.5,1553852344.5,3.47362780871,2.2134980374,0,-0.00572054029486,S10_2,3,2,3,A010C3
3.02360755389,0.180381988323,10,0,2.91898413219,3.11101330793,0.170539121984,10,1553852284.5,1553852404.5,3.76361998042,2.725828765,0,-0.0137026650206,S10_2,3,2,3,A010C3
2.94774437277,0.0847204362958,7.5,0,2.89101396983,3.00415657957,0.0980923925211,10,1553852344.5,1553852464.5,3.19359798599,2.8339274268,0,-0.00347277470659,S10_2,3,2,3,A010C3
2.92048979626,0.0586772806174,8.33333333333,0,2.87026985526,2.9863712817,0.0878844575558,10,1553852404.5,1553852524.5,3.00857035784,2.75107917359,0,-0.0040265476591,S10_2,3,2,3,A010C3
2.79260686041,0.171225938715,6.66666666667,0,2.61680573413,2.94604686925,0.200330066817,10,1553852464.5,1553852584.5,3.07343771559,2.47175632874,0,-0.00965683546715,S10_2,3,2,3,A010C3
2.56800911378,0.151066697396,10,0,2.43878908208,2.76891439887,0.270368775705,10,1553852524.5,1553852644.5,2.82313802571,2.30106863715,0,-0.0080850291371,S10_2,3,2,3,A010C3
2.4210833959,0.11201277259,7.5,0,2.3510048859,2.49669496228,0.104838477691,10,1553852584.5,1553852704.5,2.67317780889,2.15669246672,0,-0.00592711523955,S10_2,3,2,3,A010C3
0.935473519837,0.0702080104232,0.833333333333,0,0.860986440117,0.979489493314,0.101234806485,10,1553852884.5,1553853004.5,1.0811987516,0.805110594391,0,-0.00460146928679,S10_3,1,2,2,A010C3
0.810944941125,0.0791069367098,0,0,0.729327341401,0.895117015925,0.135350185748,10,1553852944.5,1553853064.5,0.965252932677,0.684559521862,0,-0.00467822351358,S10_3,1,2,2,A010C3
0.690403716304,0.0606749930082,0,0,0.628484015807,0.754689351106,0.102384336546,10,1553853004.5,1553853124.5,0.802268807278,0.594251293318,0,-0.00346695856599,S10_3,1,2,2,A010C3
0.597586384817,0.046668019273,0,0,0.549387865205,0.646770901275,0.0811968786118,10,1553853064.5,1553853184.5,0.684379089083,0.522791258737,0,-0.00269313050577,S10_3,1,2,2,A010C3
0.528424295488,0.0346057776687,0.833333333333,0,0.493282555422,0.563978466028,0.0583120903333,10,1553853124.5,1553853244.5,0.593704830105,0.470216543865,0,-0.000864886406777,S10_3,1,2,2,A010C3
0.445369603238,0.284131416089,11.6666666667,0,0.185619852144,0.659858422206,0.334681608109,10,1553853424.5,1553853544.5,0.87888874794,-0.17064567677,0,-0.00801495603989,S10_4,1,2,0,A010C3
0.714502064515,0.546836482147,8.33333333333,0,0.409575773784,1.11889883451,0.639155181164,10,1553853484.5,1553853604.5,1.86891693164,-0.659229265504,0.291666666667,-0.0177972258366,S10_4,1,2,0,A010C3
2.04603246356,0.930843944489,10.8333333333,0,1.07233476323,2.9728420258,1.71585312841,10,1553853544.5,1553853664.5,3.79957438759,0.572249460439,0,-0.011959087837,S10_4,1,2,0,A010C3
3.09868796742,0.237328050874,15,0,2.92178108391,3.31093476942,0.287289867883,10,1553853604.5,1553853724.5,3.59320802008,2.45692822835,0,-0.00862889181157,S10_4,1,2,0,A010C3
3.21335806901,0.112608808584,13.3333333333,0,3.14698311389,3.30836963451,0.0836412308314,10,1553853664.5,1553853784.5,3.57146919055,2.79576975954,0,-0.0129283238502,S10_4,1,2,0,A010C3
0.319572691393,0.0314586336648,2.5,0,0.288482943446,0.347268723983,0.0489604130484,9,1553602218.25,1553602338.25,0.374830607616,0.251534165476,0,-0.000120961969433,S9_1,1,2,1,A010C3
0.347846176991,0.0409606632056,2.5,0,0.308788055603,0.394673344282,0.0803057925843,9,1553602278.25,1553602398.25,0.404243038906,0.280945496455,0,0.000583058796824,S9_1,1,2,1,A010C3
0.395875670299,0.0328426231185,5,0,0.376884324302,0.405338170749,0.0197383976203,9,1553602338.25,1553602458.25,0.485786383994,0.316766870895,0,0.000880544963716,S9_1,1,2,1,A010C3
0.432857686382,0.0354118612484,5,0,0.395540159523,0.466329285343,0.0637390826271,9,1553602398.25,1553602518.25,0.487096094871,0.370269082144,0,0.000565435344089,S9_1,1,2,1,A010C3
0.437109383085,0.0281169930052,0.833333333333,0,0.412402212883,0.461686374833,0.0396926861403,9,1553602458.25,1553602578.25,0.484552114428,0.377192663027,0.0416666666667,-0.00118612956413,S9_1,1,2,1,A010C3
1.91206970094,0.280042435598,7.5,0,1.65738490165,2.22088878269,0.475101894758,9,1553603358.25,1553603478.25,2.60778069918,1.601415773,0,-0.0151063513312,S9_2,3,3,3,A010C3
1.60662523257,0.109991321853,7.5,0,1.48858069537,1.68052218489,0.137159415068,9,1553603418.25,1553603538.25,1.88104330603,1.40644334582,0,-0.00774714860851,S9_2,3,3,3,A010C3
1.35841165099,0.227796308931,5.83333333333,0,1.12909039098,1.60160236175,0.389514845569,9,1553603478.25,1553603598.25,1.75289144334,0.958938991815,0,-0.0132325408588,S9_2,3,3,3,A010C3
1.07116262302,0.131737781516,10,0,0.970594451104,1.18575385346,0.166931078736,9,1553603538.25,1553603658.25,1.41893940836,0.933163159046,0,-0.0074383955261,S9_2,3,3,3,A010C3
0.962587827427,0.0378674236718,10,0,0.935560482738,0.995785627031,0.0552005472818,9,1553603598.25,1553603718.25,1.01063410864,0.863005187262,0,-0.000473518547208,S9_2,3,3,3,A010C3
0.909465859794,0.184629500625,0,0,0.734609584188,1.08497127716,0.265723754545,9,1553603898.25,1553604018.25,1.30626751662,0.610446982202,0.0416666666667,-0.011597008907,S9_3,1,2,2,A010C3
0.652416583647,0.121424724942,0,0,0.534719842192,0.80566615441,0.230873662403,9,1553603958.25,1553604078.25,0.886257236307,0.481292334217,0,-0.00674941503484,S9_3,1,2,2,A010C3
0.532111042166,0.0403030489324,1.66666666667,0,0.496080756703,0.565387487591,0.0498370933499,9,1553604018.25,1553604138.25,0.625817623755,0.475933089977,0,-0.00244141096583,S9_3,1,2,2,A010C3
0.476473737261,0.0446582664249,1.66666666667,0,0.435043716304,0.521183716836,0.0643410670573,9,1553604078.25,1553604198.25,0.548207825339,0.396910577245,0,-0.00141181102963,S9_3,1,2,2,A010C3
0.401939637854,0.0452786320414,0.833333333333,0,0.365996154044,0.454950100944,0.0701421493591,9,1553604138.25,1553604258.25,0.481343654148,0.306777995376,0,-0.00198373780191,S9_3,1,2,2,A010C3
0.432325384175,0.12092253743,5,0,0.371836766715,0.48707314463,0.0546569012015,9,1553604318.25,1553604438.25,0.858457758549,0.316787787192,0,0.00801156856635,S9_4,1,2,0,A010C3
1.10000660779,0.633681341676,13.3333333333,0,0.405292451696,1.69000288947,1.22252831991,9,1553604378.25,1553604498.25,2.16143634673,0.380707141049,0.0416666666667,0.0213944361704,S9_4,1,2,0,A010C3
1.79195494604,0.305358299682,18.3333333333,0,1.5181942461,2.10467253278,0.490843547154,9,1553604438.25,1553604558.25,2.27858867553,1.13695843257,0,0.00760321518026,S9_4,1,2,0,A010C3
1.94062774511,0.357844457194,18.3333333333,0,1.66676061174,2.14304371246,0.388738662605,9,1553604498.25,1553604618.25,3.44101659015,1.2580327703,0.0416666666667,-0.0225260004688,S9_4,1,2,0,A010C3
2.64501390355,0.844024051497,18.3333333333,0,1.84382666338,3.4574134832,1.37828773966,9,1553604558.25,1553604678.25,4.37539365318,1.24562221542,0,0.0380083589834,S9_4,1,2,0,A010C3
0.245991376986,0.0185441107547,0,0,0.230046726543,0.260570978872,0.0238821849615,11,1553854303.75,1553854423.75,0.293245458824,0.206324030567,0,-0.00144869047095,S11_1,1,1,1,A010C3
0.21380541087,0.0194093797235,0,0,0.193045642959,0.234981256868,0.038908789925,11,1553854363.75,1553854483.75,0.244130245801,0.18604805783,0,-0.000968036466177,S11_1,1,1,1,A010C3
0.186815763218,0.0116667505472,0,0,0.172839300871,0.194670829297,0.0198248445722,11,1553854423.75,1553854543.75,0.213247716373,0.16994785399,0,-0.000721664373046,S11_1,1,1,1,A010C3
0.170092513493,0.00856793845177,0,0,0.162102878799,0.179198213027,0.0116157075075,11,1553854483.75,1553854603.75,0.186525356937,0.157240250131,0,-0.000438904769494,S11_1,1,1,1,A010C3
0.163674203873,0.0100969875087,0.833333333333,0,0.15633184652,0.168559901922,0.0110045992283,11,1553854543.75,1553854663.75,0.185853989835,0.144419926408,0,0.000162656255636,S11_1,1,1,1,A010C3
0.167251357593,0.0188189577633,1.66666666667,0,0.152894950827,0.176672342134,0.0204603856069,11,1553854903.75,1553855023.75,0.219729683412,0.146298048046,0,0.000213076126924,S11_2,1,2,3,A010C3
0.195397666758,0.0335592957768,4.16666666667,0,0.161086613712,0.234116604857,0.0623543456693,11,1553854963.75,1553855083.75,0.261239501018,0.155475861533,0,0.00174807262956,S11_2,1,2,3,A010C3
0.242958798398,0.0444724549354,3.33333333333,0,0.200427137402,0.284885687614,0.0585138319579,11,1553855023.75,1553855143.75,0.302096622372,0.15093338732,0,0.00167422633959,S11_2,1,2,3,A010C3
0.267597098557,0.0243921487989,1.66666666667,0,0.244861947029,0.287571777549,0.0366367728086,11,1553855083.75,1553855203.75,0.311004507055,0.207734430754,0,0.000672326449724,S11_2,1,2,3,A010C3
0.264911652927,0.0281415735044,0.833333333333,0,0.239795052266,0.287513477262,0.0416457014946,11,1553855143.75,1553855263.75,0.315033095337,0.202546844256,0,0.000363868653453,S11_2,1,2,3,A010C3
0.284818832796,0.0306257865888,0,0,0.258061520808,0.311634529668,0.0459419864224,11,1553855203.75,1553855323.75,0.368885619221,0.214555695617,0,0.000756726242562,S11_2,1,2,3,A010C3
0.406649345505,0.159344147159,6.66666666667,0,0.300118248795,0.495368153869,0.150225598377,11,1553855263.75,1553855383.75,0.842305117339,0.255072940373,0,0.00880384501398,S11_2,1,2,3,A010C3
1.16270147407,0.740389330641,17.5,0,0.41399810991,2.08403074236,1.58260286471,11,1553855323.75,1553855443.75,2.58075968945,0.312956736388,0.0416666666667,0.0369344094369,S11_2,1,2,3,A010C3
2.52871723448,0.794184741766,17.5,0,1.80028053338,3.33816683046,1.29728963215,11,1553855383.75,1553855503.75,3.49721479521,1.10314991612,0,0.0383930759832,S11_2,1,2,3,A010C3
3.20099114366,0.198044440064,10.8333333333,0,2.96805064735,3.40060175708,0.400366795943,11,1553855443.75,1553855563.75,3.48314547516,2.85734708883,0,-0.00224827714583,S11_2,1,2,3,A010C3
3.01788031433,0.239594769164,11.6666666667,0,2.86915660704,3.18166908561,0.189858336216,11,1553855503.75,1553855623.75,3.71398414307,2.47396650761,0,-0.0206669605909,S11_2,1,2,3,A010C3
2.84792617452,0.155186636831,12.5,0,2.76742473589,2.95864728372,0.152145284677,11,1553855563.75,1553855683.75,3.30132240931,2.46135665479,0,-0.00780011500102,S11_2,1,2,3,A010C3
2.6802870017,0.260625300401,9.16666666667,0,2.30854807737,2.89012944674,0.417074847045,11,1553855623.75,1553855743.75,2.96092894912,2.19485347881,0,-0.0100424565637,S11_2,1,2,3,A010C3
2.40959774947,0.331291315844,11.6666666667,0,2.09177170607,2.77498217283,0.570253763446,11,1553855683.75,1553855803.75,3.12097804143,1.89992873891,0,-0.00499402629134,S11_2,1,2,3,A010C3
2.30365308511,0.311320597393,8.33333333333,0,2.02453466596,2.6365892225,0.489791416872,11,1553855743.75,1553855863.75,2.88090134705,1.88504094029,0,-0.00559418385745,S11_2,1,2,3,A010C3
0.937137994689,0.148957741406,0,0,0.849789884447,1.07575265015,0.195438251078,11,1553855983.75,1553856103.75,1.1651975975,0.533611985317,0,-0.00556325359338,S11_3,1,1,2,A010C3
0.838196903896,0.0901416486905,0,0,0.74594669824,0.943921468776,0.164462121366,11,1553856043.75,1553856163.75,1.00216546335,0.695554591752,0,-0.00511018119327,S11_3,1,1,2,A010C3
0.70168344478,0.0672662536976,0,0,0.636985041083,0.771462174027,0.115361553569,11,1553856103.75,1553856223.75,0.827234141335,0.590864289591,0,-0.00393949752907,S11_3,1,1,2,A010C3
0.599294333961,0.0515093210734,0,0,0.548866413373,0.653687977847,0.0902041186368,11,1553856163.75,1553856283.75,0.693506434837,0.52306484144,0,-0.00284069322328,S11_3,1,1,2,A010C3
0.511640330399,0.0541964897787,0.833333333333,0,0.462309185721,0.554750653146,0.0718242503276,11,1553856223.75,1553856343.75,0.58969811035,0.379848322323,0,-0.00172487033113,S11_3,1,1,2,A010C3
1.03778805142,0.324078600248,6.66666666667,0,0.680191335324,1.33395943828,0.627328730992,11,1553856463.75,1553856583.75,1.48014636322,0.578304938561,0,0.012022711063,S11_4,1,1,0,A010C3
1.34701724767,0.148822276981,10.8333333333,0,1.23259470937,1.4663480507,0.173926833341,11,1553856523.75,1553856643.75,1.72041077706,1.12919144436,0.0416666666667,0.00424965045093,S11_4,1,1,0,A010C3
1.77489823539,0.482983201916,13.3333333333,0,1.25683282124,2.15570806373,0.833912860607,11,1553856583.75,1553856703.75,2.84656511652,1.09844303026,0,0.0242533091839,S11_4,1,1,0,A010C3
2.57602409042,0.532037701665,14.1666666667,0,2.06976046479,3.12012464444,0.883407414871,11,1553856643.75,1553856763.75,3.67936095421,1.83819482159,0,0.00965091842838,S11_4,1,1,0,A010C3
0.173334834751,0.0030055788392,0,0,0.171435399416,0.175188109934,0.00325357461636,13,1552994974.75,1552995094.75,0.17921576511,0.166266518817,0,0.000215820771562,S13_1,1,1,1,A010C3
0.177646612799,0.00319215653778,0,0,0.174317102172,0.180527144079,0.00581535980272,13,1552995034.75,1552995154.75,0.18206497937,0.170818545738,0,0.000111107277732,S13_1,1,1,1,A010C3
0.185082199764,0.00759495699092,0,0,0.179518601477,0.194271345845,0.0111099059434,13,1552995094.75,1552995214.75,0.201840513184,0.177419378601,0,0.000371719527275,S13_1,1,1,1,A010C3
0.196356835442,0.00836476529878,0,0,0.187243028165,0.202707354617,0.01157205563,13,1552995154.75,1552995274.75,0.203380330183,0.177841725932,0,0.000406841841202,S13_1,1,1,1,A010C3
0.29333721954,0.0722088259809,0,0,0.22330428811,0.36979063129,0.130369357107,13,1552995334.75,1552995454.75,0.418249946305,0.183224253384,0,0.00391709488202,S13_2,1,2,3,A010C3
0.3937462185,0.0471719884066,0.833333333333,0,0.354544142067,0.429204111271,0.0623700451245,13,1552995394.75,1552995514.75,0.451552186609,0.285716524428,0,0.00275940652474,S13_2,1,2,3,A010C3
0.466185113745,0.0398569667503,0.833333333333,0,0.420577706371,0.514899513692,0.091883172633,13,1552995454.75,1552995574.75,0.525869315288,0.418036673955,0,0.00164420285025,S13_2,1,2,3,A010C3
0.517731812305,0.0218739492826,0,0,0.498609792267,0.534254249627,0.0192687781933,13,1552995514.75,1552995634.75,0.548893853249,0.451937938558,0,0.00161593191152,S13_2,1,2,3,A010C3
0.534417916026,0.0136903406012,1.66666666667,0,0.525128520396,0.54629518559,0.0142847609232,13,1552995574.75,1552995694.75,0.559983893162,0.477188669183,0,-0.000749469646969,S13_2,1,2,3,A010C3
0.538915056775,0.0473964574311,5,0,0.516184139386,0.561574077835,0.037127702131,13,1552995634.75,1552995754.75,0.631580327616,0.405877935214,0,0.00127461441283,S13_2,1,2,3,A010C3
0.630419261846,0.111606797284,9.16666666667,0,0.546493722462,0.715407011692,0.141997689591,13,1552995694.75,1552995814.75,0.865211812362,0.407729122222,0,0.00516400438682,S13_2,1,2,3,A010C3
0.824729893353,0.119797286226,10,0,0.671726208643,0.9503006531,0.245257666392,13,1552995754.75,1552995874.75,0.976976752687,0.63476337443,0,0.00563693356637,S13_2,1,2,3,A010C3
1.03032859452,0.114195215305,10,0,0.918044731397,1.11205395026,0.171844504523,13,1552995814.75,1552995934.75,1.27360397186,0.877702808089,0,0.0065983527295,S13_2,1,2,3,A010C3
1.28703006648,0.171602758264,10,0,1.10762803511,1.44106647455,0.306616574486,13,1552995874.75,1552995994.75,1.58381407635,1.02155535278,0,0.00887008777216,S13_2,1,2,3,A010C3
1.56248321291,0.140037033253,11.6666666667,0,1.41762160627,1.70580218646,0.224582759174,13,1552995934.75,1552996054.75,1.82908912935,1.35307428586,0,0.00793358072483,S13_2,1,2,3,A010C3
1.76524009345,0.102764025901,11.6666666667,0,1.61937634731,1.85133782871,0.20544030055,13,1552995994.75,1552996114.75,1.87106148912,1.55928580971,0,0.00486660804275,S13_2,1,2,3,A010C3
1.80570672882,0.057284474545,4.16666666667,0,1.74267670718,1.85090828757,0.0924978593612,13,1552996054.75,1552996174.75,1.87244655151,1.65444384482,0,-0.00320424224384,S13_2,1,2,3,A010C3
1.72474444255,0.059282973693,5,0,1.66928759349,1.78259325652,0.0828475442529,13,1552996114.75,1552996234.75,1.84460097779,1.62263230807,0,-0.00283172496962,S13_2,1,2,3,A010C3
1.6787654692,0.0427812507599,9.16666666667,0,1.6332363544,1.72489520523,0.0773923212173,13,1552996174.75,1552996294.75,1.75983279937,1.61724741412,0,0.000457967881173,S13_2,1,2,3,A010C3
0.933140754668,0.0683456535928,0.833333333333,0,0.863259377437,0.990729493704,0.0898690631525,13,1552996534.75,1552996654.75,1.09079867521,0.823040913749,0,-0.00446262935775,S13_3,1,1,2,A010C3
0.82570251028,0.0583685552332,0,0,0.764473029776,0.889341766124,0.1046556038,13,1552996594.75,1552996714.75,0.935655601977,0.734947865757,0,-0.00334512893699,S13_3,1,1,2,A010C3
0.731956633551,0.049801679072,0,0,0.679040057655,0.78209538839,0.0853758249039,13,1552996654.75,1552996774.75,0.820962532564,0.647587087029,0,-0.00288959075891,S13_3,1,1,2,A010C3
0.656914811275,0.0376864295277,0,0,0.615201985572,0.693618382002,0.0625974107308,13,1552996714.75,1552996834.75,0.735220771609,0.606543293269,0,-0.00210155332707,S13_3,1,1,2,A010C3
0.589737695141,0.0455701204109,0.833333333333,0,0.537015021748,0.631149581246,0.0649500643923,13,1552996774.75,1552996894.75,0.647223571315,0.482658755003,0,-0.00274274693854,S13_3,1,1,2,A010C3
0.751302011507,0.17512378409,6.66666666667,0,0.59614649838,0.993275066303,0.367923905437,13,1552997014.75,1552997134.75,1.0366334948,0.569978064453,0,0.00724633580278,S13_4,1,2,0,A010C3
0.749168283869,0.552802616922,9.16666666667,0,0.648180630462,1.08433371702,0.365868459706,13,1552997074.75,1552997194.75,1.28144484244,-0.886800678738,0,0.0102064761419,S13_4,1,2,0,A010C3
1.04979758816,0.715299580281,10,0,0.708731167954,1.56782251538,0.502231726853,13,1552997134.75,1552997254.75,1.65688358835,-0.945534400926,0.166666666667,0.00754549022644,S13_4,1,2,0,A010C3
1.55815923714,0.139089038111,11.6666666667,0,1.43606440345,1.66960421141,0.19873290634,13,1552997194.75,1552997314.75,1.83135129242,1.20223664054,0,0.00571890302227,S13_4,1,2,0,A010C3
1.54074812688,0.201443151835,12.5,0,1.33503620148,1.7260634251,0.300510545215,13,1552997254.75,1552997374.75,1.81190430418,1.08507812791,0,-0.00465646903462,S13_4,1,2,0,A010C3
0.151647987925,0.0192546061148,0,0,0.13676207837,0.164045356353,0.0241087420144,3,1552997916.25,1552998036.25,0.197522323945,0.123496944719,0,0.000268902985642,S3_1,3,2,1,A010C3
0.163613588207,0.0242846580186,0,0,0.140860469613,0.189240123358,0.0356391505219,3,1552997976.25,1552998096.25,0.21507234228,0.123561109245,0,0.000794149603482,S3_1,3,2,1,A010C3
0.179941872958,0.0164203144998,0,0,0.164320713862,0.194086616665,0.0283417297223,3,1552998036.25,1552998156.25,0.234047929297,0.157250805697,0,-0.00115285447807,S3_1,3,2,1,A010C3
0.184337570252,0.0225469031843,0.833333333333,0,0.16518830388,0.198036552385,0.0297060450138,3,1552998096.25,1552998216.25,0.226333597602,0.135871914459,0,0.000487278437998,S3_1,3,2,1,A010C3
0.200129392807,0.0251339790207,0.833333333333,0,0.171082023491,0.21639689232,0.0375536714403,3,1552998456.25,1552998576.25,0.246350446628,0.15508172667,0,-0.000504580248166,S3_2,1,2,3,A010C3
0.198752513348,0.0182261449964,0.833333333333,0,0.179518666137,0.214692729203,0.0269028595405,3,1552998516.25,1552998636.25,0.218458219911,0.157521847452,0,-4.43519659128E-05,S3_2,1,2,3,A010C3
0.201928239892,0.0172652141627,0,0,0.200435284686,0.210967375152,0.00724658724633,3,1552998576.25,1552998696.25,0.225531995926,0.151452597698,0,0.000198331120263,S3_2,1,2,3,A010C3
0.228581506266,0.0192639981727,0,0,0.206480823238,0.250244033533,0.0419707628037,3,1552998636.25,1552998756.25,0.256524849554,0.202982192376,0,0.000655811691808,S3_2,1,2,3,A010C3
0.260539098064,0.0224699963837,0.833333333333,0,0.246865636798,0.271077795053,0.0181181681736,3,1552998696.25,1552998816.25,0.331925462766,0.227911305959,0,0.00173356928012,S3_2,1,2,3,A010C3
0.306817895843,0.0358871774973,1.66666666667,0,0.26406501491,0.338762891415,0.0674830215632,3,1552998756.25,1552998876.25,0.373062938049,0.253572430988,0,0.00156228313764,S3_2,1,2,3,A010C3
0.343520305613,0.0136241211191,1.66666666667,0,0.332348698778,0.353729926834,0.0170409092144,3,1552998816.25,1552998936.25,0.373130146973,0.316650786036,0,0.000252604148263,S3_2,1,2,3,A010C3
0.339773323245,0.0171055731889,1.66666666667,0,0.321776363098,0.353055878059,0.0237586173253,3,1552998876.25,1552998996.25,0.364060287074,0.303935637087,0,-0.000106114191882,S3_2,1,2,3,A010C3
0.341304300156,0.0183247393718,1.66666666667,0,0.320831366308,0.357218471419,0.0291947925691,3,1552998936.25,1552999056.25,0.364878247747,0.303673734076,0,-0.000214363929459,S3_2,1,2,3,A010C3
0.351282583537,0.010111837955,0.833333333333,0,0.34109750246,0.359282867834,0.0141350219202,3,1552998996.25,1552999116.25,0.379313528149,0.334776178674,0,0.000604885003787,S3_2,1,2,3,A010C3
0.358211435188,0.0157617937874,0,0,0.346244469669,0.364794078612,0.00948512617901,3,1552999056.25,1552999176.25,0.396000018034,0.335118963501,0,0.000214278285942,S3_2,1,2,3,A010C3
0.359853782667,0.0153143501946,0.833333333333,0,0.351408201028,0.370608150283,0.00981219468267,3,1552999116.25,1552999236.25,0.395548665695,0.322610911989,0,-0.00102494603961,S3_2,1,2,3,A010C3
0.350000318597,0.0109093503022,1.66666666667,0,0.342399754606,0.357435420093,0.0139730606274,3,1552999176.25,1552999296.25,0.374947583764,0.328457081464,0,0.000155914748398,S3_2,1,2,3,A010C3
0.361194649952,0.014779807177,0.833333333333,0,0.343787942409,0.376941346681,0.0295205287673,3,1552999236.25,1552999356.25,0.383973134276,0.334659040762,0,0.000401319043634,S3_2,1,2,3,A010C3
0.344966052,0.031518736013,0.833333333333,0,0.304659276625,0.376733083964,0.0664966740705,3,1552999296.25,1552999416.25,0.384034040999,0.302626626042,0,-0.000816833574927,S3_2,1,2,3,A010C3
0.278819699268,0.012280643817,0,0,0.266281901199,0.291867249763,0.0215032254895,3,1552999476.25,1552999596.25,0.298554577848,0.257629090235,0,-0.000212097618334,S3_3,1,2,2,A010C3
0.275193919316,0.00956647667282,0,0,0.26890926125,0.279409535609,0.00863353517136,3,1552999536.25,1552999656.25,0.29856321143,0.257629305308,0,3.27837293241E-05,S3_3,1,2,2,A010C3
0.27609719394,0.0032251676616,0,0,0.272888405713,0.278988721546,0.00439108080499,3,1552999596.25,1552999716.25,0.280310763977,0.268898867769,0,3.26436912545E-05,S3_3,1,2,2,A010C3
0.27685991482,0.00728505207614,0,0,0.275361157531,0.280599538693,0.00389858741245,3,1552999656.25,1552999776.25,0.284686447478,0.242970301884,0,-0.000364228738186,S3_3,1,2,2,A010C3
0.244592606334,0.0460595433499,0.833333333333,0,0.226926520717,0.280789330668,0.0515979993183,3,1552999716.25,1552999836.25,0.284437694731,0.112544491316,0,-0.000749497728207,S3_3,1,2,2,A010C3
0.138851704087,0.202221808798,1.66666666667,0,0.0430021681342,0.292399047699,0.124913345628,3,1552999896.25,1553000016.25,0.306395275605,-0.396073782715,0,-0.00137651276692,S3_4,1,1,0,A010C3
0.165611305652,0.162439378941,3.33333333333,0,0.155331691541,0.249975702379,0.0438076171451,3,1552999956.25,1553000076.25,0.444357603859,-0.384106045358,0.0416666666667,-0.00126677989754,S3_4,1,1,0,A010C3
0.639019142095,0.96363836404,10,0.833333333333,0.196456491455,1.1812295477,0.606535137613,3,1553000016.25,1553000136.25,3.23326634311,-1.08595375302,0,-0.00168555171132,S3_4,1,1,0,A010C3
1.50744790446,1.30334279729,17.5,0.833333333333,0.397812848839,2.76355854388,2.23544235253,3,1553000076.25,1553000196.25,3.87339154938,-1.01604154488,0.125,0.0347496266212,S3_4,1,1,0,A010C3
0.323105501447,0.0443572817773,0,0,0.278449296898,0.371283105995,0.0726998516115,12,1553857554.25,1553857674.25,0.408691023867,0.269028630046,0,-0.00224229541364,S12_1,1,2,1,A010C3
0.283569525844,0.0113215416108,0,0,0.271547462052,0.291810304132,0.0183440541685,12,1553857614.25,1553857734.25,0.304779097637,0.26691602119,0,-0.000188697276268,S12_1,1,2,1,A010C3
0.273867503153,0.0118733775046,0,0,0.262094259616,0.287186320073,0.0158892411924,12,1553857674.25,1553857794.25,0.291710444857,0.248413457083,0,9.24694614428E-05,S12_1,1,2,1,A010C3
0.267134371057,0.0139595749101,0,0,0.250698471963,0.279734793949,0.026579136458,12,1553857734.25,1553857854.25,0.290552952484,0.243512536563,0,-0.000670497081486,S12_1,1,2,1,A010C3
0.253555464026,0.0197960356771,0.833333333333,0,0.233495664825,0.280568936298,0.0393313854953,12,1553857794.25,1553857914.25,0.290027547548,0.230432159994,0,-0.000296120841281,S12_1,1,2,1,A010C3
0.229062760228,0.00867539602828,1.66666666667,0,0.219892198751,0.237210007198,0.0149131113399,12,1553858514.25,1553858634.25,0.247156852627,0.21433555562,0,4.73799535923E-05,S12_2,3,2,3,A010C3
0.2286381555,0.00636093072442,0.833333333333,0,0.221667529136,0.234192640954,0.0108933731688,12,1553858574.25,1553858694.25,0.242932285088,0.216765049225,0,-0.000141816796897,S12_2,3,2,3,A010C3
0.240828005667,0.0172630618144,0.833333333333,0,0.22518254542,0.255144760641,0.0249612089179,12,1553858634.25,1553858754.25,0.278356473421,0.216852804115,0,0.00075464843513,S12_2,3,2,3,A010C3
0.26319192791,0.0223208390537,0.833333333333,0,0.241788578193,0.282186953853,0.0319155933135,12,1553858694.25,1553858814.25,0.313873322363,0.225722032469,0,0.000163463134512,S12_2,3,2,3,A010C3
0.630265879597,0.490065967079,13.3333333333,0,0.260305597444,1.18622141326,0.762414912744,12,1553858754.25,1553858874.25,1.76680140058,0.239748839302,0.0416666666667,0.024908509561,S12_2,3,2,3,A010C3
1.52909706852,0.699087525971,22.5,0,0.837491088074,2.18828255635,0.994901394831,12,1553858814.25,1553858934.25,2.94048513336,0.341997665679,0,0.0433081244614,S12_2,3,2,3,A010C3
2.28929808853,0.431446032539,18.3333333333,0,1.86738588069,2.71626126011,0.68449920505,12,1553858874.25,1553858994.25,3.35178273081,1.47475952779,0.0833333333333,0.0167817628161,S12_2,3,2,3,A010C3
2.13023351636,0.65654468781,19.1666666667,0,1.34550366449,2.75714792389,1.18053757106,12,1553858934.25,1553859054.25,3.53644479659,1.12788278639,0,-0.0238304970851,S12_2,3,2,3,A010C3
2.18134894428,0.743679824567,15.8333333333,0,1.32609018447,2.9392858753,1.29073432812,12,1553858994.25,1553859114.25,4.03095072418,1.09463133044,0.0416666666667,-0.0187864262986,S12_2,3,2,3,A010C3
2.56489189508,0.450399764457,7.5,0,2.25790324845,2.85614208754,0.478331913603,12,1553859054.25,1553859174.25,3.67299481627,1.60853450058,0,-0.0261754653856,S12_2,3,2,3,A010C3
2.46132990483,0.32143370393,3.33333333333,0,2.20958875812,2.6692953121,0.355453550298,12,1553859114.25,1553859234.25,3.4616837197,1.80089600937,0,-0.0271547124988,S12_2,3,2,3,A010C3
2.12305500008,0.308689616682,2.5,0,1.85315870005,2.4518119949,0.545912168734,12,1553859174.25,1553859294.25,2.88421637937,1.70197378851,0,-0.019704043181,S12_2,3,2,3,A010C3
1.70429282449,0.241310564502,2.5,0,1.45291168239,1.99001740676,0.417648584503,12,1553859234.25,1553859354.25,2.17978670915,1.36516695966,0,-0.0135769958249,S12_2,3,2,3,A010C3
1.32858398796,0.174956706898,1.66666666667,0,1.16022785587,1.51768809128,0.277534872477,12,1553859294.25,1553859414.25,1.69902963811,1.05682262586,0,-0.0102139263161,S12_2,3,2,3,A010C3
1.06479601823,0.138670303112,1.66666666667,0,0.934248371747,1.19611566218,0.229169655164,12,1553859354.25,1553859474.25,1.37449569543,0.824246769064,0,-0.0091708154395,S12_2,3,2,3,A010C3
0.482518847569,0.0200058962644,1.66666666667,0,0.468012061335,0.501165298476,0.0255063028511,12,1553859594.25,1553859714.25,0.51998065174,0.437989165928,0,-0.000648307465776,S12_3,3,3,2,A010C3
0.446922839935,0.0333365060118,0.833333333333,0,0.409473066923,0.47511869413,0.0375667593665,12,1553859654.25,1553859774.25,0.488775618291,0.377086522714,0,-0.00186148492628,S12_3,3,3,2,A010C3
0.407182489683,0.0305248404719,0,0,0.379705179869,0.438489112336,0.0505275699616,12,1553859714.25,1553859834.25,0.471370964293,0.372186866867,0,-0.00110546861911,S12_3,3,3,2,A010C3
0.392081040702,0.0113306445111,0,0,0.378138124704,0.402695366582,0.0230119487371,12,1553859774.25,1553859894.25,0.404587072461,0.372215493157,0,7.46183722957E-06,S12_3,3,3,2,A010C3
0.355884132923,0.0412500587033,0.833333333333,0,0.335044129105,0.402351843503,0.0649994317834,12,1553859834.25,1553859954.25,0.403333407258,0.249579945716,0,-0.00116420055857,S12_3,3,3,2,A010C3
0.879116766676,0.123185945508,10.8333333333,0,0.746445804448,0.986067405771,0.205512068736,12,1553860074.25,1553860194.25,1.09175830628,0.649213705836,0.0416666666667,0.000613085977761,S12_4,1,2,0,A010C3
1.44871411195,0.627642685781,14.1666666667,0,0.880553018891,2.13916305481,1.15923858208,12,1553860134.25,1553860254.25,2.42730557892,0.625038243193,0,0.0192710930594,S12_4,1,2,0,A010C3
2.23702323188,0.371164723274,10.8333333333,0,1.96346660563,2.57787602198,0.481416337367,12,1553860194.25,1553860314.25,2.74853887474,0.59593374693,0.0416666666667,-0.0229243132995,S12_4,1,2,0,A010C3
0.169962390372,0.00879348424447,0,0,0.16108760688,0.180101004067,0.0181969543202,1,1552990822.5,1552990942.5,0.184068682228,0.156768136299,0,0.000156627179808,S1_1,1,2,1,A010C3
0.17590764634,0.00555897670346,0,0,0.171850964286,0.180411375343,0.00539956791847,1,1552990882.5,1552991002.5,0.187705630657,0.161396940965,0,-0.000246997449317,S1_1,1,2,1,A010C3
0.178190518301,0.00560040670443,0,0,0.173548109389,0.183621301999,0.00851509430345,1,1552990942.5,1552991062.5,0.188191294377,0.165283291115,0,0.000152793059614,S1_1,1,2,1,A010C3
0.186369796903,0.00576808724587,0,0,0.18202665286,0.191254076453,0.00694448234905,1,1552991002.5,1552991122.5,0.197465795164,0.174796067173,0,0.000277575920338,S1_1,1,2,1,A010C3
0.190027134745,0.00316063315976,0,0,0.187757182595,0.191732177334,0.00295719854972,1,1552991062.5,1552991182.5,0.197504917271,0.183401030924,0,7.59378774948E-05,S1_1,1,2,1,A010C3
0.236833104565,0.0145092100836,1.66666666667,0,0.222485543165,0.246833766227,0.0173977045386,1,1552991542.5,1552991662.5,0.263162106276,0.202285193493,0,0.000199792314662,S1_2,3,3,3,A010C3
0.253660399384,0.0229010995476,1.66666666667,0,0.240656206614,0.27037484817,0.0276882165784,1,1552991602.5,1552991722.5,0.301049944591,0.208743243176,0,-0.000348932725265,S1_2,3,3,3,A010C3
0.256826749217,0.0239370935063,1.66666666667,0,0.235740679258,0.278160653023,0.0340065887352,1,1552991662.5,1552991782.5,0.300263441242,0.211405748451,0,0.000919174646011,S1_2,3,3,3,A010C3
0.245208021129,0.018655601289,1.66666666667,0,0.228998403754,0.262335800376,0.0258544880269,1,1552991722.5,1552991842.5,0.278081088316,0.20876281941,0,0.000120831477764,S1_2,3,3,3,A010C3
0.264680110793,0.0118079863928,0.833333333333,0,0.255172699153,0.275594408164,0.0160765337441,1,1552991782.5,1552991902.5,0.280650992346,0.233947533813,0.0416666666667,0.000585105295931,S1_2,3,3,3,A010C3
0.110164426493,0.184603688187,0,0,0.0446981768773,0.267396976132,0.169491302301,1,1552991842.5,1552991962.5,0.283965102804,-0.40047329372,0,-0.00262361475476,S1_2,3,3,3,A010C3
0.132289989608,0.238552989296,5,0,0.0773492683669,0.310424357777,0.160772307709,1,1552991902.5,1552992022.5,0.541605292728,-0.541052772838,0,0.0043082246365,S1_2,3,3,3,A010C3
0.600413432382,0.379869905823,11.6666666667,0,0.180243682255,0.9027194197,0.618758720379,1,1552991962.5,1552992082.5,1.53157401557,0.107207641318,0,0.0235045095383,S1_2,3,3,3,A010C3
1.34713738257,0.469573387034,13.3333333333,0,0.827340705464,1.89010136748,0.951704423639,1,1552992022.5,1552992142.5,2.03587016332,0.669398899401,0.0416666666667,0.0148586182966,S1_2,3,3,3,A010C3
2.1773676163,0.473310572129,15,0,1.70666704722,2.73266946329,0.897284646979,1,1552992082.5,1552992202.5,2.88866610621,1.46073713292,0,0.0190167200845,S1_2,3,3,3,A010C3
2.98873828689,0.390410534001,16.6666666667,0,2.58005265772,3.41428138386,0.696685660273,1,1552992142.5,1552992262.5,3.54265135498,2.32682767934,0,0.0156073049104,S1_2,3,3,3,A010C3
3.40183313693,0.145751306779,16.6666666667,0,3.24060759144,3.54308950916,0.240450263385,1,1552992202.5,1552992322.5,3.6541735967,2.98244889999,0,-0.00507254089831,S1_2,3,3,3,A010C3
3.61952822215,0.3437396416,13.3333333333,0,3.37080673703,3.9919117708,0.522858271041,1,1552992262.5,1552992382.5,4.23476251892,3.03179671728,0,-0.000460009866614,S1_2,3,3,3,A010C3
3.83044302835,0.372614544914,11.6666666667,0,3.52620866734,4.13132303683,0.475574411052,1,1552992322.5,1552992442.5,4.86886391078,2.99882604813,0,-0.0204141331366,S1_2,3,3,3,A010C3
3.74019768833,0.356907246279,10.8333333333,0,3.3906363831,4.02844269061,0.443184396599,1,1552992382.5,1552992502.5,4.34082767047,2.96268029163,0,-0.0157650248549,S1_2,3,3,3,A010C3
0.79613619899,0.137414237302,0,0,0.65686740861,0.940907868188,0.242432585423,1,1552992682.5,1552992802.5,1.06847531532,0.591308451909,0,-0.00795278105693,S1_3,1,1,2,A010C3
0.604566206523,0.0855653367556,0,0,0.506848137121,0.697432595659,0.157150487625,1,1552992742.5,1552992862.5,0.772379724144,0.49116898326,0,-0.00468684568139,S1_3,1,1,2,A010C3
0.51825925298,0.0278412515416,0.833333333333,0,0.496932952349,0.536552685938,0.0303723522913,1,1552992802.5,1552992922.5,0.588707099591,0.475998296184,0,-0.00163592609881,S1_3,1,1,2,A010C3
0.482015584011,0.0309718388637,0.833333333333,0,0.450931430087,0.512328290089,0.0467358517867,1,1552992862.5,1552992982.5,0.532378736477,0.399544700746,0,-0.00165319831988,S1_3,1,1,2,A010C3
0.422105961848,0.0396674010921,0,0,0.380993545552,0.466903634071,0.075153276664,1,1552992922.5,1552993042.5,0.488116199774,0.370489760041,0,-0.00171872537411,S1_3,1,1,2,A010C3
0.306805845117,0.0274302194651,1.66666666667,0,0.281755211179,0.327779552928,0.0362030977946,1,1552993162.5,1552993282.5,0.385344558079,0.25928369327,0,0.00101744803803,S1_4,1,2,0,A010C3
0.793104405972,0.655725464238,8.33333333333,0,0.324775898798,1.22554226515,0.889859024636,1,1552993222.5,1552993342.5,2.38006739888,0.244020494657,0.0416666666667,0.0344335517122,S1_4,1,2,0,A010C3
2.07641393455,0.957925165216,15.8333333333,0,1.08129703824,2.96721125493,1.62372140907,1,1552993282.5,1552993402.5,3.42686268169,0.401562358558,0,0.04850533166,S1_4,1,2,0,A010C3
3.21206936904,0.418331104781,17.5,0,2.68564125388,3.58811394017,0.773427773095,1,1552993342.5,1552993462.5,3.69891098183,2.33650569894,0.0416666666667,0.015695090878,S1_4,1,2,0,A010C3
2.86332393724,1.11510575323,17.5,0,1.62966069859,3.68652015938,1.43125629619,1,1552993402.5,1552993522.5,4.46572120592,0.444408417442,0,-0.0207684813881,S1_4,1,2,0,A010C3
1.23143066007,0.146009398888,0.833333333333,0,1.12025548179,1.38017704226,0.198907913851,15,1556624714.5,1556624834.5,1.46100891768,0.920834098955,0.0416666666667,-0.00422404368631,S15_1,1,2,1,A010C3
1.13900023616,0.0749656399401,0.833333333333,0,1.11566573754,1.19894859659,0.0738257441024,15,1556624774.5,1556624894.5,1.22155334185,0.92122065025,0.0416666666667,-0.00176235111379,S15_1,1,2,1,A010C3
1.16023120592,0.0305868438916,1.66666666667,0,1.12769093723,1.19551813863,0.0548187252563,15,1556624834.5,1556624954.5,1.20930618475,1.10594909689,0,-0.00141929741307,S15_1,1,2,1,A010C3
1.14027797234,0.0379553661138,3.33333333333,0,1.12009992669,1.16035225522,0.0367411410292,15,1556624894.5,1556625014.5,1.20945914444,1.04265458004,0,6.69067260849E-05,S15_1,1,2,1,A010C3
1.21121995314,0.119441605668,5,0,1.12044945467,1.34613841757,0.200151411787,15,1556624954.5,1556625074.5,1.54225162264,1.04464694236,0,0.00584844054789,S15_1,1,2,1,A010C3
0.435850360559,0.101646872185,4.16666666667,0,0.333981335681,0.514879197408,0.129105901339,15,1556625374.5,1556625494.5,0.62729439153,0.230434934825,0,0.00361559467396,S15_2,3,3,3,A010C3
0.508660305325,0.0948680075838,5.83333333333,0,0.405244207149,0.608418732883,0.182527908812,15,1556625434.5,1556625554.5,0.683995391991,0.339233367829,0.0833333333333,-0.00195765700237,S15_2,3,3,3,A010C3
0.207285403988,0.720371903578,6.66666666667,0,-0.0214194136321,0.668422069791,0.534721717004,15,1556625494.5,1556625614.5,0.962795846061,-1.92801023484,0,0.00238132295434,S15_2,3,3,3,A010C3
0.580003654028,0.965442132024,11.6666666667,0,0.0184725536553,1.31095113248,1.19616529024,15,1556625554.5,1556625674.5,1.6946891679,-2.14628958341,0.166666666667,-0.0124126651381,S15_2,3,3,3,A010C3
0.477494869292,1.34582132599,15.8333333333,0,-0.679396990141,1.58678710033,1.89148911058,15,1556625614.5,1556625734.5,2.22138677931,-2.88811181148,0,-0.00921576602486,S15_2,3,3,3,A010C3
0.926775811241,1.48643300377,12.5,0,-0.0367195776446,2.10911286731,2.03314876074,15,1556625674.5,1556625794.5,2.48117777391,-2.91204851218,0.166666666667,-3.21701168585E-05,S15_2,3,3,3,A010C3
2.00865599224,0.348955202444,10,0,1.80401276787,2.28024587009,0.396805406242,15,1556625734.5,1556625854.5,2.75952780624,0.98525699174,0,-0.0211537026807,S15_2,3,3,3,A010C3
0.961472886091,1.25106083445,9.16666666667,0,-0.491454691679,2.12304124703,2.44361620767,15,1556625794.5,1556625914.5,2.40570990571,-1.1086383788,0.208333333333,-0.0411361070655,S15_2,3,3,3,A010C3
1.55782769888,1.58456074481,10.8333333333,0,-0.327604617015,3.11352835754,3.24985788268,15,1556625854.5,1556625974.5,3.38064997623,-1.02561040742,0,0.019023770514,S15_2,3,3,3,A010C3
2.31413368194,0.913011872416,12.5,0,1.27737479337,3.12794629724,1.65180475643,15,1556625914.5,1556626034.5,3.34354130611,0.247569393555,0.0416666666667,-0.0165415203053,S15_2,3,3,3,A010C3
0.447555197022,1.44799996961,10.8333333333,0,-0.973751641365,1.71037182087,2.18016762676,15,1556625974.5,1556626094.5,3.60696252893,-2.07849582427,0,-0.0757403794797,S15_2,3,3,3,A010C3
-0.770848048588,1.64676671524,7.5,0,-1.96310493274,0.606575087978,1.93080327566,15,1556626034.5,1556626154.5,2.383419705,-4.25142769043,0.333333333333,-0.0625157346328,S15_2,3,3,3,A010C3
-0.489676656828,1.65518555179,4.16666666667,0,-1.94529514604,0.828548018908,2.38271851636,15,1556626094.5,1556626214.5,2.95849576692,-4.23954688236,0,-0.0433290886351,S15_2,3,3,3,A010C3
-0.218987694278,1.29159348147,4.16666666667,0,-1.38089552299,0.815979185289,1.55380137393,15,1556626154.5,1556626274.5,1.5416484207,-3.72116477234,0.291666666667,-0.0877135532172,S15_2,3,3,3,A010C3
-1.4042390878,2.22978204301,5,0,-3.86084186414,0.573160038278,3.91369166047,15,1556626214.5,1556626334.5,0.879559444171,-5.95960572634,0,-0.0395754286926,S15_2,3,3,3,A010C3
0.570598677542,0.0125434315952,0.833333333333,0,0.563737912382,0.585516129923,0.0167806223401,15,1556626634.5,1556626754.5,0.58996238704,0.541900814752,0,0.000220987194923,S15_3,1,2,2,A010C3
0.442583767506,0.132304645851,0.833333333333,0,0.280790959335,0.565406523635,0.261654289079,15,1556626694.5,1556626814.5,0.574287507157,0.217967761001,0,-0.00104233494314,S15_3,1,2,2,A010C3
0.32846789274,0.109162962905,1.66666666667,0,0.217816081371,0.415294312709,0.129614178032,15,1556626754.5,1556626874.5,0.523428585069,0.10898446147,0.0416666666667,-0.00250512752614,S15_3,1,2,2,A010C3
0.328126535162,0.0807271634325,2.5,0,0.27969819653,0.383980141252,0.0826653797606,15,1556626814.5,1556626934.5,0.512907246869,0.11393881997,0,-0.00198977996741,S15_3,1,2,2,A010C3
0.362720650256,0.0374610017296,6.66666666667,0,0.332455221327,0.39430300065,0.0443968138623,15,1556626874.5,1556626994.5,0.415087618213,0.260060341858,0,0.000599645475205,S15_3,1,2,2,A010C3
1.17350532825,0.758876903351,8.33333333333,0,0.376409343768,2.04699160955,1.57379503029,15,1556627054.5,1556627174.5,2.1779818457,0.310970125008,0,0.0262671845484,S15_4,1,1,0,A010C3
1.71632912709,0.494242908095,12.5,0,1.15509767062,2.12301305845,0.872245433823,15,1556627114.5,1556627234.5,2.36129802249,0.649049596946,0,0.00907436204626,S15_4,1,1,0,A010C3
1.71837793583,0.505460299279,8.33333333333,0,1.16738026667,2.19041704646,0.859700898937,15,1556627174.5,1556627294.5,2.44396376953,0.60618856318,0,-0.0107257544007,S15_4,1,1,0,A010C3
1.72274377833,0.273416765828,4.16666666667,0,1.42107225668,2.00854145926,0.44347831559,15,1556627234.5,1556627354.5,2.23470462242,1.34670100628,0,-0.014762344345,S15_4,1,1,0,A010C3
0.964391767438,0.131106217767,0.833333333333,0,0.829537562679,1.08885239728,0.235332386566,5,1553253612,1553253732,1.26754901427,0.795447293493,0,-0.00786836201302,S5_1,1,2,1,A010C3
0.79388005407,0.0718187751382,1.66666666667,0,0.748306700738,0.847618763429,0.0845099074854,5,1553253672,1553253792,1.0184055044,0.661645388288,0,-0.00589663137188,S5_1,1,2,1,A010C3
0.719418785652,0.0600112939336,4.16666666667,0,0.664888453183,0.766123888186,0.0974263260209,5,1553253732,1553253852,0.924721575179,0.651810164612,0,0.00232732043997,S5_1,1,2,1,A010C3
0.755563071667,0.085921797821,5.83333333333,0,0.6664912761,0.842201123535,0.160866558514,5,1553253792,1553253912,0.935702683611,0.653145887134,0,0.00280281655685,S5_1,1,2,1,A010C3
0.799344174125,0.0471861028504,3.33333333333,0,0.763825163499,0.829804794445,0.0528280638954,5,1553253852,1553253972,0.960028127465,0.716492420953,0,-0.00361904940999,S5_1,1,2,1,A010C3
0.703044146336,0.0662807475916,5,0,0.628728048292,0.770131777333,0.12681911922,5,1553254392,1553254512,0.784007137648,0.588139575073,0,0.00320528443477,S5_2,3,2,3,A010C3
0.75572840629,0.027530241846,2.5,0,0.733119049534,0.77812856588,0.0362006583033,5,1553254452,1553254572,0.818485275058,0.697763882233,0,0.00150567112148,S5_2,3,2,3,A010C3
0.792100965949,0.0649587358877,4.16666666667,0,0.743783678562,0.855151167811,0.0758182162601,5,1553254512,1553254632,0.933575050088,0.683694268995,0,0.00178964836413,S5_2,3,2,3,A010C3
0.809808706802,0.0696460695216,8.33333333333,0,0.749769640551,0.880780815781,0.110009000367,5,1553254572,1553254692,0.933217024747,0.665448792071,0,0.00155448264675,S5_2,3,2,3,A010C3
0.857115842965,0.159881147395,12.5,0,0.706616175134,1.02122310532,0.249147144351,5,1553254632,1553254752,1.17773321232,0.491970712248,0,0.00175913835694,S5_2,3,2,3,A010C3
1.15811327495,0.31305078985,16.6666666667,0,0.890293022056,1.42775415349,0.398858755188,5,1553254692,1553254812,1.93435783669,0.47127885096,0.0416666666667,0.0112189797623,S5_2,3,2,3,A010C3
1.71708169569,0.414564984145,20.8333333333,0,1.3273268007,2.15795281941,0.671021064587,5,1553254752,1553254872,2.51552606447,1.15738941297,0,0.0174271319957,S5_2,3,2,3,A010C3
2.26475691089,0.433530898593,19.1666666667,0,1.8349254818,2.74581746215,0.767091043238,5,1553254812,1553254932,2.82362420507,1.43872290412,0,0.00271798020282,S5_2,3,2,3,A010C3
2.76601847109,0.55062554244,15.8333333333,0,2.18613561425,3.40948705184,0.938648314039,5,1553254872,1553254992,3.64077738852,1.81635404354,0,0.00926719014171,S5_2,3,2,3,A010C3
3.32429633677,0.488376997239,11.6666666667,0,3.02878801601,3.6265642306,0.34103817138,5,1553254932,1553255052,3.64771613479,2.02410294644,0,0.00533597311075,S5_2,3,2,3,A010C3
3.77522464245,0.225568866121,12.5,0,3.60325911275,4.07006175453,0.343138944927,5,1553254992,1553255112,4.20468342072,3.55213198587,0,0.00923093727536,S5_2,3,2,3,A010C3
4.0699463271,0.197286289656,14.1666666667,0,3.84855052088,4.20255813341,0.239325658584,5,1553255052,1553255172,4.33247129385,3.66263071479,0,0.00485862024352,S5_2,3,2,3,A010C3
4.08821493418,0.165504795505,14.1666666667,0,3.93611190348,4.21606388081,0.202152457019,5,1553255112,1553255232,4.38866123642,3.71617130456,0,0.00183698525608,S5_2,3,2,3,A010C3
3.80242716244,0.842538736671,16.6666666667,0,3.77260391905,4.22333059076,0.347969896267,5,1553255172,1553255292,4.68364522932,-0.0779087579912,0.0416666666667,-0.0759108228962,S5_2,3,2,3,A010C3
2.19621531993,1.86285621456,12.5,0,0.51979589326,4.18841507796,3.3669687968,5,1553255232,1553255352,5.26641173294,-1.01948470089,0,-0.0761040513501,S5_2,3,2,3,A010C3
1.42159776113,0.10532050498,2.5,0,1.35642686874,1.50065864933,0.0871977397062,5,1553255532,1553255652,1.5662777128,1.16752265696,0,-0.00168028767829,S5_3,1,2,2,A010C3
1.45095844171,0.135474128574,3.33333333333,0,1.35070352499,1.5772914768,0.208802049353,5,1553255592,1553255712,1.69396672327,1.18003850496,0,-0.00168174249986,S5_3,1,2,2,A010C3
1.42320979341,0.190287378909,3.33333333333,0,1.35692395574,1.57026334932,0.199889764182,5,1553255652,1553255772,1.60930797555,0.935604451113,0.0416666666667,0.00170159198889,S5_3,1,2,2,A010C3
1.36236244343,0.170612806886,0.833333333333,0,1.27886549003,1.53415240257,0.213241392146,5,1553255712,1553255832,1.6068911896,0.935593369393,0,-0.00559083903506,S5_3,1,2,2,A010C3
1.24278082627,0.162374110295,0.833333333333,0,1.05642594498,1.39260518435,0.292186007349,5,1553255772,1553255892,1.55053756472,0.972459621779,0,-0.00866081151397,S5_3,1,2,2,A010C3
2.85545366482,0.484605755051,18.3333333333,0,2.68285792829,3.23553386659,0.417334278526,5,1553256012,1553256132,3.4786471558,1.5516001514,0,0.0146535773917,S5_4,1,2,0,A010C3
2.71745827132,0.611700925902,18.3333333333,0,2.34460978767,3.22434970674,0.786024997663,5,1553256072,1553256192,3.47276368703,1.21219575864,0,-0.0108508073925,S5_4,1,2,0,A010C3
2.92879288371,0.80750933172,17.5,0,2.35439181326,3.67834722453,1.13846777926,5,1553256132,1553256252,4.12855551641,1.17714967592,0,-0.00191975764509,S5_4,1,2,0,A010C3
3.24120056326,0.91767654843,19.1666666667,0,2.56107072834,3.94273386395,0.680356743737,5,1553256192,1553256312,4.65030645521,0.937130873539,0,0.00335457459723,S5_4,1,2,0,A010C3
2.94838885492,0.87431498737,16.6666666667,0,2.4229908614,3.56661395277,0.959668461271,5,1553256252,1553256372,4.70760059707,0.955991838032,0.0416666666667,-0.0360405485912,S5_4,1,2,0,A010C3
