SessionID;Device ID;UTC_Start;UTC_End;Perceived2;Perceived3;Known Context
S1_1;A010C3;1552990800;1552991100;L;M;L
S1_2;A010C3;1552991491;1552992391;H;H;H
S1_3;A010C3;1552992660;1552992960;L;L;M
S1_4;A010C3;1552993140;1552993440;L;M;A
S1_10;A012B4;1553752284;1553763084;L;L;
S1_11;A012B4;1553767789;1553778589;L;M;
S1_12;A012B4;1553779648;1553790448;H;H;
S1_13;A012B4;1553785251;1553796051;H;H;
S1_14;A012B4;1556963094;1556973894;H;H;
S1_15;A012B4;1556977450;1556988250;L;M;
S1_16;A012B4;1556986508;1556997308;L;L;
S1_17;A012B4;1556995151;1557005951;L;M;
S1_18;A012B4;1557064655;1557075455;L;L;
S1_19;A012B4;1557074574;1557085374;L;L;
S1_20;A012B4;1557126806;1557137606;L;L;
S1_21;A012B4;1557133643;1557144443;H;M;
S1_22;A012B4;1557144592;1557155392;L;M;
S1_23;A012B4;1557154942;1557165742;L;L;
S1_24;A012B4;1557217750;1557228550;L;M;
S1_5;A012B4;1552980542;1552991342;L;M;
S1_6;A012B4;1553669253;1553680053;L;M;
S1_7;A012B4;1553683330;1553694130;H;M;
S1_8;A012B4;1553697785;1553708585;H;M;
S1_9;A012B4;1553708050;1553718850;L;L;
S3_1;A010C3;1552997820;1552998120;H;M;L
S3_2;A010C3;1552998444;1552999344;L;M;H
S3_3;A010C3;1552999440;1552999740;L;M;M
S3_4;A010C3;1552999860;1553000160;L;L;A
S3_10;A019A8;1554466444;1554477244;H;M;
S3_11;A019A8;1554968063;1554978863;L;L;
S3_12;A019A8;1554978391;1554989191;L;L;
S3_13;A019A8;1554998064;1555008864;L;L;
S3_14;A019A8;1555049396;1555060196;L;L;
S3_15;A019A8;1555057141;1555067941;L;M;
S3_16;A019A8;1555155897;1555166697;L;L;
S3_17;A019A8;1555155966;1555166766;L;L;
S3_18;A019A8;1555155993;1555166793;L;M;
S3_19;A019A8;1555309196;1555319996;L;L;
S3_20;A019A8;1555749560;1555760360;L;M;
S3_21;A019A8;1555761811;1555772611;L;L;
S3_22;A019A8;1555826581;1555837381;L;L;
S3_23;A019A8;1555837494;1555848294;L;M;
S3_24;A019A8;1555849564;1555860364;L;L;
S3_25;A019A8;1555860367;1555871167;L;L;
S3_26;A019A8;1556176602;1556187402;L;L;
S3_27;A019A8;1556186383;1556197183;L;L;
S3_28;A019A8;1556193756;1556204556;L;L;
S3_29;A019A8;1556204880;1556215680;L;L;
S3_30;A019A8;1556258714;1556269514;L;L;
S3_31;A019A8;1556269666;1556280466;L;L;
S3_5;A019A8;1554371173;1554381973;L;L;
S3_6;A019A8;1554381152;1554391952;L;L;
S3_7;A019A8;1554395091;1554405891;L;L;
S3_8;A019A8;1554446777;1554457577;L;L;
S3_9;A019A8;1554459860;1554470660;H;H;
S4_1;A010C3;1553245380;1553245680;L;L;L
S4_2;A010C3;1553246013;1553246913;L;M;H
S4_3;A010C3;1553247060;1553247360;L;L;M
S4_4;A010C3;1553247480;1553247780;L;M;A
S4_10;A020B9;1556346193;1556356993;H;M;
S4_11;A020B9;1556346300;1556357100;L;M;
S4_12;A020B9;1556346374;1556357174;L;M;
S4_13;A020B9;1556449276;1556460076;L;M;
S4_14;A020B9;1556449321;1556460121;L;L;
S4_15;A020B9;1556449403;1556460203;L;L;
S4_16;A020B9;1556449458;1556460258;L;L;
S4_5;A020B9;1555849206;1555860006;L;M;
S4_6;A020B9;1555849258;1555860058;H;M;
S4_7;A020B9;1555849544;1555860344;H;H;
S4_8;A020B9;1556346098;1556356898;L;L;
S4_9;A020B9;1556346145;1556356945;L;L;
S5_1;A010C3;1553253600;1553253900;L;M;L
S5_2;A010C3;1553254372;1553255272;H;M;H
S5_3;A010C3;1553255520;1553255820;L;M;M
S5_4;A010C3;1553256000;1553256300;L;M;A
S5_10;A01644;1554454747;1554465547;L;M;
S5_11;A01644;1554465798;1554476598;L;L;
S5_12;A01644;1554480302;1554491102;H;M;
S5_13;A01644;1554543462;1554554262;H;H;
S5_14;A01644;1554553715;1554564515;L;M;
S5_15;A01644;1554563619;1554574419;L;M;
S5_16;A01644;1554616947;1554627747;L;M;
S5_17;A01644;1554627837;1554638637;H;M;
S5_18;A01644;1554638934;1554649734;H;M;
S5_19;A01644;1554650221;1554661021;L;M;
S5_20;A01644;1554704886;1554715686;L;M;
S5_21;A01644;1554719274;1554730074;L;M;
S5_22;A01644;1554725509;1554736309;H;H;
S5_23;A01644;1554736605;1554747405;L;M;
S5_24;A01644;1554800713;1554811513;H;H;
S5_25;A01644;1554811549;1554822349;H;M;
S5_26;A01644;1554825917;1554836717;H;M;
S5_27;A01644;1554882245;1554893045;H;M;
S5_28;A01644;1554888736;1554899536;L;M;
S5_29;A01644;1554898781;1554909581;L;M;
S5_30;A01644;1554963500;1554974300;H;M;
S5_5;A01644;1554357296;1554368096;H;M;
S5_6;A01644;1554368740;1554379540;L;M;
S5_7;A01644;1554379783;1554390583;L;M;
S5_8;A01644;1554390572;1554401372;L;M;
S5_9;A01644;1554444633;1554455433;H;M;
S6_1;A010C3;1553257200;1553257500;L;L;L
S6_2;A010C3;1553257757;1553258657;H;H;H
S6_3;A010C3;1553258760;1553259060;L;L;M
S6_4;A010C3;1553259180;1553259480;L;L;A
S6_10;A012A4;1554454896;1554465696;L;M;
S6_11;A012A4;1554466445;1554477245;L;M;
S6_12;A012A4;1554476423;1554487223;L;L;
S6_13;A012A4;1554530884;1554541684;L;L;
S6_14;A012A4;1554541540;1554552340;L;L;
S6_15;A012A4;1554552953;1554563753;L;L;
S6_16;A012A4;1554563004;1554573804;L;M;
S6_17;A012A4;1554617604;1554628404;L;L;
S6_18;A012A4;1554631427;1554642227;L;L;
S6_19;A012A4;1554639475;1554650275;L;L;
S6_20;A012A4;1554650483;1554661283;L;L;
S6_21;A012A4;1554703732;1554714532;L;L;
S6_22;A012A4;1554714661;1554725461;L;M;
S6_23;A012A4;1554726128;1554736928;L;L;
S6_24;A012A4;1554736348;1554747148;L;L;
S6_25;A012A4;1554790077;1554800877;L;L;
S6_26;A012A4;1554800792;1554811592;H;M;
S6_27;A012A4;1554811561;1554822361;L;M;
S6_28;A012A4;1554822324;1554833124;L;L;
S6_29;A012A4;1554877453;1554888253;H;M;
S6_30;A012A4;1554887173;1554897973;L;M;
S6_31;A012A4;1554898075;1554908875;L;M;
S6_32;A012A4;1554909148;1554919948;L;M;
S6_33;A012A4;1555770171;1555780971;L;L;
S6_5;A012A4;1554357831;1554368631;L;L;
S6_6;A012A4;1554368909;1554379709;L;M;
S6_7;A012A4;1554380572;1554391372;L;L;
S6_8;A012A4;1554390458;1554401258;L;M;
S6_9;A012A4;1554444216;1554455016;L;L;
S7_10;A01035;1553682694;1553693494;H;H;
S7_11;A01035;1553695032;1553705832;L;L;
S7_12;A01035;1553705828;1553716628;L;M;
S7_13;A01035;1553755551;1553766351;L;M;
S7_14;A01035;1553767600;1553778400;L;M;
S7_15;A01035;1553776822;1553787622;H;H;
S7_16;A01035;1553794352;1553805152;H;H;
S7_17;A01035;1553840804;1553851604;L;M;
S7_18;A01035;1553850804;1553861604;L;M;
S7_19;A01035;1553863591;1553874391;L;L;
S7_20;A01035;1553877143;1553887943;L;L;
S7_21;A01035;1553936003;1553946803;L;L;
S7_22;A01035;1553951725;1553962525;L;L;
S7_23;A01035;1553967469;1553978269;L;L;
S7_24;A01035;1554273398;1554284198;L;M;
S7_25;A01035;1554284087;1554294887;L;M;
S7_26;A01035;1554301594;1554312394;H;M;
S7_27;A01035;1554319874;1554330674;L;M;
S7_28;A01035;1554357319;1554368119;L;M;
S7_29;A01035;1554368905;1554379705;L;L;
S7_30;A01035;1554379766;1554390566;H;H;
S7_31;A01035;1554390298;1554401098;L;M;
S7_32;A01035;1554404568;1554415368;L;M;
S7_33;A01035;1554454702;1554465502;L;M;
S7_34;A01035;1554618226;1554629026;L;M;
S7_35;A01035;1554628117;1554638917;L;M;
S7_36;A01035;1554640852;1554651652;H;M;
S7_37;A01035;1554649372;1554660172;L;M;
S7_38;A01035;1554704002;1554714802;L;L;
S7_39;A01035;1554714722;1554725522;L;M;
S7_40;A01035;1554725811;1554736611;L;L;
S7_41;A01035;1554744707;1554755507;H;M;
S7_42;A01035;1554900070;1554910870;H;H;
S7_43;A01035;1554908577;1554919377;H;H;
S7_44;A01035;1554965439;1554976239;H;H;
S7_45;A01035;1554975520;1554986320;H;H;
S7_46;A01035;1554987724;1554998524;H;M;
S7_47;A01035;1554997103;1555007903;H;M;
S7_48;A01035;1555308101;1555318901;L;M;
S7_5;A01035;1553584342;1553595142;L;M;
S7_6;A01035;1553594019;1553604819;H;M;
S7_7;A01035;1553607068;1553617868;L;M;
S7_8;A01035;1553623673;1553634473;L;M;
S7_9;A01035;1553669224;1553680024;L;M;
S7_1;A010C3;1553260200;1553260500;H;M;L
S7_2;A010C3;1553261024;1553261924;H;M;H
S7_3;A010C3;1553262590;1553263490;L;M;M
S7_4;A010C3;1553262120;1553262420;L;L;A
S8_1;A010C3;1553598540;1553598840;L;L;L
S8_2;A010C3;1553599138;1553600038;L;M;H
S8_3;A010C3;1553600220;1553600520;L;L;M
S8_4;A010C3;1553600700;1553601000;L;L;A
S8_10;A0176C;1554468578;1554479378;H;H;
S8_11;A0176C;1554476423;1554487223;H;H;
S8_12;A0176C;1554539689;1554550489;H;M;
S8_13;A0176C;1554544804;1554555604;H;H;
S8_14;A0176C;1554552618;1554563418;H;H;
S8_15;A0176C;1554616971;1554627771;L;M;
S8_16;A0176C;1554627824;1554638624;L;M;
S8_17;A0176C;1554640568;1554651368;L;M;
S8_18;A0176C;1554650399;1554661199;L;L;
S8_19;A0176C;1554703745;1554714545;L;L;
S8_20;A0176C;1554714580;1554725380;L;L;
S8_21;A0176C;1554736332;1554747132;L;M;
S8_22;A0176C;1554789766;1554800566;L;L;
S8_23;A0176C;1554803191;1554813991;L;L;
S8_24;A0176C;1554813823;1554824623;L;L;
S8_25;A0176C;1554824684;1554835484;H;M;
S8_26;A0176C;1554878586;1554889386;L;M;
S8_27;A0176C;1554887983;1554898783;L;M;
S8_28;A0176C;1554900097;1554910897;L;M;
S8_29;A0176C;1554909455;1554920255;L;L;
S8_30;A0176C;1554966099;1554976899;L;M;
S8_31;A0176C;1554975819;1554986619;L;M;
S8_5;A0176C;1554368709;1554379509;L;L;
S8_6;A0176C;1554379775;1554390575;L;M;
S8_7;A0176C;1554390216;1554401016;H;M;
S8_8;A0176C;1554446793;1554457593;L;M;
S8_9;A0176C;1554456987;1554467787;L;M;
S9_10;A010BE;1556978461;1556989261;H;M;
S9_11;A010BE;1556986509;1556997309;H;M;
S9_12;A010BE;1557128281;1557139081;H;H;
S9_13;A010BE;1557140455;1557151255;H;H;
S9_14;A010BE;1557141564;1557152364;H;H;
S9_15;A010BE;1557158783;1557169583;H;M;
S9_16;A010BE;1557205161;1557215961;H;M;
S9_5;A010BE;1554370100;1554380900;H;M;
S9_6;A010BE;1554392852;1554403652;H;M;
S9_7;A010BE;1554392897;1554403697;L;M;
S9_8;A010BE;1554455232;1554466032;H;H;
S9_9;A010BE;1556962637;1556973437;H;M;
S9_1;A010C3;1553602200;1553602500;L;M;L
S9_2;A010C3;1553603340;1553603640;H;H;H
S9_3;A010C3;1553603880;1553604180;L;M;M
S9_4;A010C3;1553604300;1553604600;L;M;A
S10_1;A010C3;1553850840;1553851140;L;M;L
S10_2;A010C3;1553851710;1553852610;H;M;H
S10_3;A010C3;1553852880;1553853180;L;M;M
S10_4;A010C3;1553853420;1553853720;L;M;A
S10_10;A0133E;1557072639;1557083439;L;M;
S10_11;A0133E;1557126141;1557136941;L;M;
S10_12;A0133E;1557139009;1557149809;L;M;
S10_13;A0133E;1557220022;1557230822;H;M;
S10_14;A0133E;1557244828;1557255628;L;M;
S10_15;A0133E;1557313869;1557324669;H;M;
S10_16;A0133E;1557332038;1557342838;L;M;
S10_17;A0133E;1557417118;1557427918;L;M;
S10_18;A0133E;1557426027;1557436827;L;M;
S10_19;A0133E;1557434361;1557445161;L;M;
S10_5;A0133E;1556952391;1556963191;L;M;
S10_6;A0133E;1556963709;1556974509;L;M;
S10_7;A0133E;1556978090;1556988890;L;L;
S10_8;A0133E;1557048459;1557059259;L;M;
S10_9;A0133E;1557067033;1557077833;H;M;
S11_1;A010C3;1553854260;1553854560;L;L;L
S11_2;A010C3;1553854873;1553855773;L;M;H
S11_3;A010C3;1553855940;1553856240;L;L;M
S11_4;A010C3;1553856420;1553856720;L;L;A
S11_10;A021AD;1554468515;1554479315;L;L;
S11_11;A021AD;1554477596;1554488396;L;L;
S11_12;A021AD;1554541360;1554552160;L;M;
S11_13;A021AD;1554549828;1554560628;H;M;
S11_14;A021AD;1554563123;1554573923;H;M;
S11_15;A021AD;1554572776;1554583576;H;H;
S11_16;A021AD;1554789882;1554800682;H;M;
S11_17;A021AD;1554804027;1554814827;L;M;
S11_18;A021AD;1554811691;1554822491;L;L;
S11_19;A021AD;1554822109;1554832909;L;L;
S11_20;A021AD;1554829501;1554840301;L;M;
S11_21;A021AD;1554887215;1554898015;H;M;
S11_22;A021AD;1554902268;1554913068;H;M;
S11_23;A021AD;1554912740;1554923540;H;M;
S11_24;A021AD;1554920757;1554931557;L;L;
S11_25;A021AD;1554971716;1554982516;L;M;
S11_26;A021AD;1554977302;1554988102;L;L;
S11_27;A021AD;1554989011;1554999811;L;L;
S11_28;A021AD;1555000304;1555011104;L;L;
S11_29;A021AD;1555068522;1555079322;L;M;
S11_30;A021AD;1555068766;1555079566;L;M;
S11_31;A021AD;1555573563;1555584363;L;M;
S11_32;A021AD;1555583736;1555594536;L;M;
S11_33;A021AD;1555598601;1555609401;L;M;
S11_34;A021AD;1555607416;1555618216;L;L;
S11_5;A021AD;1554373203;1554384003;L;M;
S11_6;A021AD;1554379911;1554390711;H;M;
S11_7;A021AD;1554398410;1554409210;L;M;
S11_8;A021AD;1554448688;1554459488;L;L;
S11_9;A021AD;1554455816;1554466616;L;L;
S12_1;A010C3;1553857500;1553857800;L;M;L
S12_2;A010C3;1553858495;1553859395;H;M;H
S12_3;A010C3;1553859540;1553859840;H;H;M
S12_4;A010C3;1553860020;1553860320;L;M;A
S12_10;A01B22;1554391525;1554402325;H;M;
S12_11;A01B22;1554444142;1554454942;H;M;
S12_12;A01B22;1554455237;1554466037;H;H;
S12_13;A01B22;1554467774;1554478574;H;M;
S12_14;A01B22;1554477839;1554488639;H;H;
S12_15;A01B22;1554530599;1554541399;H;M;
S12_16;A01B22;1554543190;1554553990;H;M;
S12_17;A01B22;1554557085;1554567885;L;M;
S12_18;A01B22;1554565067;1554575867;L;M;
S12_19;A01B22;1554703542;1554714342;L;M;
S12_20;A01B22;1554801082;1554811882;H;H;
S12_21;A01B22;1554839361;1554850161;H;M;
S12_22;A01B22;1554898637;1554909437;L;M;
S12_23;A01B22;1554911485;1554922285;L;M;
S12_24;A01B22;1554965678;1554976478;L;M;
S12_25;A01B22;1554991303;1555002103;L;M;
S12_26;A01B22;1555013490;1555024290;H;M;
S12_27;A01B22;1555079817;1555090617;L;M;
S12_5;A01B22;1554286449;1554297249;H;H;
S12_6;A01B22;1554313763;1554324563;H;M;
S12_7;A01B22;1554357065;1554367865;H;H;
S12_8;A01B22;1554377050;1554387850;H;M;
S12_9;A01B22;1554382300;1554393100;H;M;
S13_1;A010C3;1552994880;1552995180;L;L;L
S13_2;A010C3;1552995300;1552996200;L;M;H
S13_3;A010C3;1552996500;1552996800;L;L;M
S13_4;A010C3;1552996980;1552997280;L;M;A
S13_10;A0120B;1554483383;1554494183;L;L;
S13_11;A0120B;1554537305;1554548105;L;M;
S13_12;A0120B;1554545406;1554556206;H;H;
S13_13;A0120B;1554565251;1554576051;L;M;
S13_14;A0120B;1554631410;1554642210;H;M;
S13_15;A0120B;1554638270;1554649070;L;L;
S13_16;A0120B;1554647386;1554658186;L;M;
S13_17;A0120B;1554704435;1554715235;H;M;
S13_18;A0120B;1554726514;1554737314;L;M;
S13_19;A0120B;1554739847;1554750647;L;M;
S13_20;A0120B;1554893797;1554904597;H;M;
S13_21;A0120B;1554905001;1554915801;L;M;
S13_22;A0120B;1554915835;1554926635;L;M;
S13_23;A0120B;1554964964;1554975764;L;M;
S13_24;A0120B;1554977874;1554988674;L;M;
S13_25;A0120B;1555058317;1555069117;L;M;
S13_26;A0120B;1555095100;1555105900;L;L;
S13_5;A0120B;1554117483;1554128283;L;M;
S13_6;A0120B;1554129275;1554140075;L;L;
S13_7;A0120B;1554136149;1554146949;L;L;
S13_8;A0120B;1554195172;1554205972;H;M;
S13_9;A0120B;1554478729;1554489529;L;M;
S14_1;A010C3;1556618810;1556619110;L;L;L
S14_2;A010C3;1556619433;1556620333;L;M;H
S14_3;A010C3;1556620495;1556620795;L;L;M
S14_4;A010C3;1556620953;1556621253;L;L;A
S14_10;A01B22;1556810315;1556821115;H;M;
S14_11;A01B22;1556865094;1556875894;L;M;
S14_12;A01B22;1556876985;1556887785;L;M;
S14_13;A01B22;1556885069;1556895869;L;L;
S14_14;A01B22;1556897132;1556907932;H;H;
S14_15;A01B22;1556951759;1556962559;L;M;
S14_16;A01B22;1556962549;1556973349;L;L;
S14_17;A01B22;1556972208;1556983008;L;M;
S14_18;A01B22;1556985954;1556996754;L;L;
S14_19;A01B22;1557040938;1557051738;L;L;
S14_20;A01B22;1557051160;1557061960;L;L;
S14_21;A01B22;1557060385;1557071185;L;M;
S14_22;A01B22;1557073112;1557083912;H;M;
S14_23;A01B22;1557123412;1557134212;H;M;
S14_24;A01B22;1557143317;1557154117;L;M;
S14_25;A01B22;1557152400;1557163200;L;M;
S14_26;A01B22;1557156089;1557166889;L;M;
S14_27;A01B22;1557220480;1557231280;L;L;
S14_28;A01B22;1557231639;1557242439;L;L;
S14_29;A01B22;1557245408;1557256208;L;L;
S14_5;A01B22;1556706230;1556717030;L;M;
S14_6;A01B22;1556713272;1556724072;L;L;
S14_7;A01B22;1556723634;1556734434;L;L;
S14_8;A01B22;1556793858;1556804658;L;L;
S14_9;A01B22;1556801266;1556812066;H;H;
S15_1;A010C3;1556624674;1556624974;L;M;L
S15_2;A010C3;1556625333;1556626233;H;H;H
S15_3;A010C3;1556626577;1556626877;L;M;M
S15_4;A010C3;1556627045;1556627345;L;L;A
S15_10;A02214;1556885628;1556896428;L;M;
S15_11;A02214;1556901906;1556912706;L;M;
S15_12;A02214;1556953639;1556964439;H;M;
S15_13;A02214;1556983345;1556994145;L;M;
S15_14;A02214;1556992408;1557003208;L;M;
S15_15;A02214;1556992436;1557003236;H;M;
S15_16;A02214;1557209785;1557220585;H;H;
S15_17;A02214;1557241929;1557252729;H;H;
S15_18;A02214;1557242022;1557252822;H;H;
S15_19;A02214;1557242078;1557252878;H;M;
S15_20;A02214;1557301836;1557312636;H;H;
S15_21;A02214;1557516259;1557527059;H;H;
S15_22;A02214;1557516318;1557527118;H;H;
S15_23;A02214;1557516351;1557527151;H;M;
S15_24;A02214;1557516402;1557527202;H;M;
S15_5;A02214;1556816110;1556826910;L;M;
S15_6;A02214;1556841672;1556852472;L;M;
S15_7;A02214;1556841746;1556852546;L;L;
S15_8;A02214;1556864491;1556875291;L;L;
S15_9;A02214;1556875353;1556886153;L;M;
